REGION_CLASS	REGION_MEMBER	USED_MEMBER	USED_CLASS	SOURCE_TYPE
org.greenrobot.eventbus.SubscriberMethod	SubscriberMethod(java.lang.reflect.Method,java.lang.Class<?>,org.greenrobot.eventbus.ThreadMode,int,boolean)	method	org.greenrobot.eventbus.SubscriberMethod	SOURCE
org.greenrobot.eventbus.SubscriberMethod	SubscriberMethod(java.lang.reflect.Method,java.lang.Class<?>,org.greenrobot.eventbus.ThreadMode,int,boolean)	this	org.greenrobot.eventbus.SubscriberMethod	SOURCE
org.greenrobot.eventbus.SubscriberMethod	SubscriberMethod(java.lang.reflect.Method,java.lang.Class<?>,org.greenrobot.eventbus.ThreadMode,int,boolean)	threadMode	org.greenrobot.eventbus.SubscriberMethod	SOURCE
org.greenrobot.eventbus.SubscriberMethod	SubscriberMethod(java.lang.reflect.Method,java.lang.Class<?>,org.greenrobot.eventbus.ThreadMode,int,boolean)	this	org.greenrobot.eventbus.SubscriberMethod	SOURCE
org.greenrobot.eventbus.SubscriberMethod	SubscriberMethod(java.lang.reflect.Method,java.lang.Class<?>,org.greenrobot.eventbus.ThreadMode,int,boolean)	eventType	org.greenrobot.eventbus.SubscriberMethod	SOURCE
org.greenrobot.eventbus.SubscriberMethod	SubscriberMethod(java.lang.reflect.Method,java.lang.Class<?>,org.greenrobot.eventbus.ThreadMode,int,boolean)	this	org.greenrobot.eventbus.SubscriberMethod	SOURCE
org.greenrobot.eventbus.SubscriberMethod	SubscriberMethod(java.lang.reflect.Method,java.lang.Class<?>,org.greenrobot.eventbus.ThreadMode,int,boolean)	priority	org.greenrobot.eventbus.SubscriberMethod	SOURCE
org.greenrobot.eventbus.SubscriberMethod	SubscriberMethod(java.lang.reflect.Method,java.lang.Class<?>,org.greenrobot.eventbus.ThreadMode,int,boolean)	this	org.greenrobot.eventbus.SubscriberMethod	SOURCE
org.greenrobot.eventbus.SubscriberMethod	SubscriberMethod(java.lang.reflect.Method,java.lang.Class<?>,org.greenrobot.eventbus.ThreadMode,int,boolean)	sticky	org.greenrobot.eventbus.SubscriberMethod	SOURCE
org.greenrobot.eventbus.SubscriberMethod	SubscriberMethod(java.lang.reflect.Method,java.lang.Class<?>,org.greenrobot.eventbus.ThreadMode,int,boolean)	this	org.greenrobot.eventbus.SubscriberMethod	SOURCE
org.greenrobot.eventbus.SubscriberMethod	equals(java.lang.Object)	this	org.greenrobot.eventbus.SubscriberMethod	SOURCE
org.greenrobot.eventbus.SubscriberMethod	equals(java.lang.Object)	methodString	org.greenrobot.eventbus.SubscriberMethod	SOURCE
org.greenrobot.eventbus.SubscriberMethod	equals(java.lang.Object)	methodString	org.greenrobot.eventbus.SubscriberMethod	SOURCE
org.greenrobot.eventbus.SubscriberMethod	checkMethodString()	methodString	org.greenrobot.eventbus.SubscriberMethod	SOURCE
org.greenrobot.eventbus.SubscriberMethod	checkMethodString()	method	org.greenrobot.eventbus.SubscriberMethod	SOURCE
org.greenrobot.eventbus.SubscriberMethod	checkMethodString()	method	org.greenrobot.eventbus.SubscriberMethod	SOURCE
org.greenrobot.eventbus.SubscriberMethod	checkMethodString()	eventType	org.greenrobot.eventbus.SubscriberMethod	SOURCE
org.greenrobot.eventbus.SubscriberMethod	checkMethodString()	methodString	org.greenrobot.eventbus.SubscriberMethod	SOURCE
org.greenrobot.eventbus.SubscriberMethod	hashCode()	method	org.greenrobot.eventbus.SubscriberMethod	SOURCE
org.greenrobot.eventbus.meta.SubscriberMethodInfo	SubscriberMethodInfo(java.lang.String,java.lang.Class<?>,org.greenrobot.eventbus.ThreadMode,int,boolean)	methodName	org.greenrobot.eventbus.meta.SubscriberMethodInfo	SOURCE
org.greenrobot.eventbus.meta.SubscriberMethodInfo	SubscriberMethodInfo(java.lang.String,java.lang.Class<?>,org.greenrobot.eventbus.ThreadMode,int,boolean)	this	org.greenrobot.eventbus.meta.SubscriberMethodInfo	SOURCE
org.greenrobot.eventbus.meta.SubscriberMethodInfo	SubscriberMethodInfo(java.lang.String,java.lang.Class<?>,org.greenrobot.eventbus.ThreadMode,int,boolean)	threadMode	org.greenrobot.eventbus.meta.SubscriberMethodInfo	SOURCE
org.greenrobot.eventbus.meta.SubscriberMethodInfo	SubscriberMethodInfo(java.lang.String,java.lang.Class<?>,org.greenrobot.eventbus.ThreadMode,int,boolean)	this	org.greenrobot.eventbus.meta.SubscriberMethodInfo	SOURCE
org.greenrobot.eventbus.meta.SubscriberMethodInfo	SubscriberMethodInfo(java.lang.String,java.lang.Class<?>,org.greenrobot.eventbus.ThreadMode,int,boolean)	eventType	org.greenrobot.eventbus.meta.SubscriberMethodInfo	SOURCE
org.greenrobot.eventbus.meta.SubscriberMethodInfo	SubscriberMethodInfo(java.lang.String,java.lang.Class<?>,org.greenrobot.eventbus.ThreadMode,int,boolean)	this	org.greenrobot.eventbus.meta.SubscriberMethodInfo	SOURCE
org.greenrobot.eventbus.meta.SubscriberMethodInfo	SubscriberMethodInfo(java.lang.String,java.lang.Class<?>,org.greenrobot.eventbus.ThreadMode,int,boolean)	priority	org.greenrobot.eventbus.meta.SubscriberMethodInfo	SOURCE
org.greenrobot.eventbus.meta.SubscriberMethodInfo	SubscriberMethodInfo(java.lang.String,java.lang.Class<?>,org.greenrobot.eventbus.ThreadMode,int,boolean)	this	org.greenrobot.eventbus.meta.SubscriberMethodInfo	SOURCE
org.greenrobot.eventbus.meta.SubscriberMethodInfo	SubscriberMethodInfo(java.lang.String,java.lang.Class<?>,org.greenrobot.eventbus.ThreadMode,int,boolean)	sticky	org.greenrobot.eventbus.meta.SubscriberMethodInfo	SOURCE
org.greenrobot.eventbus.meta.SubscriberMethodInfo	SubscriberMethodInfo(java.lang.String,java.lang.Class<?>,org.greenrobot.eventbus.ThreadMode,int,boolean)	this	org.greenrobot.eventbus.meta.SubscriberMethodInfo	SOURCE
org.greenrobot.eventbus.meta.AbstractSubscriberInfo	AbstractSubscriberInfo(java.lang.Class,java.lang.Class<? extends org.greenrobot.eventbus.meta.SubscriberInfo>,boolean)	subscriberClass	org.greenrobot.eventbus.meta.AbstractSubscriberInfo	SOURCE
org.greenrobot.eventbus.meta.AbstractSubscriberInfo	AbstractSubscriberInfo(java.lang.Class,java.lang.Class<? extends org.greenrobot.eventbus.meta.SubscriberInfo>,boolean)	this	org.greenrobot.eventbus.meta.AbstractSubscriberInfo	SOURCE
org.greenrobot.eventbus.meta.AbstractSubscriberInfo	AbstractSubscriberInfo(java.lang.Class,java.lang.Class<? extends org.greenrobot.eventbus.meta.SubscriberInfo>,boolean)	superSubscriberInfoClass	org.greenrobot.eventbus.meta.AbstractSubscriberInfo	SOURCE
org.greenrobot.eventbus.meta.AbstractSubscriberInfo	AbstractSubscriberInfo(java.lang.Class,java.lang.Class<? extends org.greenrobot.eventbus.meta.SubscriberInfo>,boolean)	this	org.greenrobot.eventbus.meta.AbstractSubscriberInfo	SOURCE
org.greenrobot.eventbus.meta.AbstractSubscriberInfo	AbstractSubscriberInfo(java.lang.Class,java.lang.Class<? extends org.greenrobot.eventbus.meta.SubscriberInfo>,boolean)	shouldCheckSuperclass	org.greenrobot.eventbus.meta.AbstractSubscriberInfo	SOURCE
org.greenrobot.eventbus.meta.AbstractSubscriberInfo	AbstractSubscriberInfo(java.lang.Class,java.lang.Class<? extends org.greenrobot.eventbus.meta.SubscriberInfo>,boolean)	this	org.greenrobot.eventbus.meta.AbstractSubscriberInfo	SOURCE
org.greenrobot.eventbus.meta.AbstractSubscriberInfo	getSubscriberClass()	subscriberClass	org.greenrobot.eventbus.meta.AbstractSubscriberInfo	SOURCE
org.greenrobot.eventbus.meta.AbstractSubscriberInfo	getSuperSubscriberInfo()	superSubscriberInfoClass	org.greenrobot.eventbus.meta.AbstractSubscriberInfo	SOURCE
org.greenrobot.eventbus.meta.AbstractSubscriberInfo	getSuperSubscriberInfo()	superSubscriberInfoClass	org.greenrobot.eventbus.meta.AbstractSubscriberInfo	SOURCE
org.greenrobot.eventbus.meta.AbstractSubscriberInfo	shouldCheckSuperclass()	shouldCheckSuperclass	org.greenrobot.eventbus.meta.AbstractSubscriberInfo	SOURCE
org.greenrobot.eventbus.meta.AbstractSubscriberInfo	createSubscriberMethod(java.lang.String,java.lang.Class<?>,org.greenrobot.eventbus.ThreadMode,int,boolean)	subscriberClass	org.greenrobot.eventbus.meta.AbstractSubscriberInfo	SOURCE
org.greenrobot.eventbus.meta.AbstractSubscriberInfo	createSubscriberMethod(java.lang.String,java.lang.Class<?>,org.greenrobot.eventbus.ThreadMode,int,boolean)	subscriberClass	org.greenrobot.eventbus.meta.AbstractSubscriberInfo	SOURCE
org.greenrobot.eventbus.meta.SimpleSubscriberInfo	SimpleSubscriberInfo(java.lang.Class,boolean,org.greenrobot.eventbus.meta.SubscriberMethodInfo[])	methodInfos	org.greenrobot.eventbus.meta.SimpleSubscriberInfo	SOURCE
org.greenrobot.eventbus.meta.SimpleSubscriberInfo	SimpleSubscriberInfo(java.lang.Class,boolean,org.greenrobot.eventbus.meta.SubscriberMethodInfo[])	this	org.greenrobot.eventbus.meta.SimpleSubscriberInfo	SOURCE
org.greenrobot.eventbus.meta.SimpleSubscriberInfo	getSubscriberMethods()	length	Array	SOURCE
org.greenrobot.eventbus.meta.SimpleSubscriberInfo	getSubscriberMethods()	length	Array	SOURCE
org.greenrobot.eventbus.meta.SimpleSubscriberInfo	getSubscriberMethods()	methodInfos	org.greenrobot.eventbus.meta.SimpleSubscriberInfo	SOURCE
org.greenrobot.eventbus.meta.SimpleSubscriberInfo	getSubscriberMethods()	methodInfos	org.greenrobot.eventbus.meta.SimpleSubscriberInfo	SOURCE
org.greenrobot.eventbus.meta.SimpleSubscriberInfo	getSubscriberMethods()	methodName	org.greenrobot.eventbus.meta.SubscriberMethodInfo	SOURCE
org.greenrobot.eventbus.meta.SimpleSubscriberInfo	getSubscriberMethods()	eventType	org.greenrobot.eventbus.meta.SubscriberMethodInfo	SOURCE
org.greenrobot.eventbus.meta.SimpleSubscriberInfo	getSubscriberMethods()	threadMode	org.greenrobot.eventbus.meta.SubscriberMethodInfo	SOURCE
org.greenrobot.eventbus.meta.SimpleSubscriberInfo	getSubscriberMethods()	priority	org.greenrobot.eventbus.meta.SubscriberMethodInfo	SOURCE
org.greenrobot.eventbus.meta.SimpleSubscriberInfo	getSubscriberMethods()	sticky	org.greenrobot.eventbus.meta.SubscriberMethodInfo	SOURCE
org.greenrobot.eventbus.PendingPostQueue	enqueue(org.greenrobot.eventbus.PendingPost)	tail	org.greenrobot.eventbus.PendingPostQueue	SOURCE
org.greenrobot.eventbus.PendingPostQueue	enqueue(org.greenrobot.eventbus.PendingPost)	next	org.greenrobot.eventbus.PendingPost	SOURCE
org.greenrobot.eventbus.PendingPostQueue	enqueue(org.greenrobot.eventbus.PendingPost)	tail	org.greenrobot.eventbus.PendingPostQueue	SOURCE
org.greenrobot.eventbus.PendingPostQueue	enqueue(org.greenrobot.eventbus.PendingPost)	tail	org.greenrobot.eventbus.PendingPostQueue	SOURCE
org.greenrobot.eventbus.PendingPostQueue	enqueue(org.greenrobot.eventbus.PendingPost)	head	org.greenrobot.eventbus.PendingPostQueue	SOURCE
org.greenrobot.eventbus.PendingPostQueue	enqueue(org.greenrobot.eventbus.PendingPost)	head	org.greenrobot.eventbus.PendingPostQueue	SOURCE
org.greenrobot.eventbus.PendingPostQueue	enqueue(org.greenrobot.eventbus.PendingPost)	tail	org.greenrobot.eventbus.PendingPostQueue	SOURCE
org.greenrobot.eventbus.PendingPostQueue	poll()	head	org.greenrobot.eventbus.PendingPostQueue	SOURCE
org.greenrobot.eventbus.PendingPostQueue	poll()	head	org.greenrobot.eventbus.PendingPostQueue	SOURCE
org.greenrobot.eventbus.PendingPostQueue	poll()	head	org.greenrobot.eventbus.PendingPostQueue	SOURCE
org.greenrobot.eventbus.PendingPostQueue	poll()	head	org.greenrobot.eventbus.PendingPostQueue	SOURCE
org.greenrobot.eventbus.PendingPostQueue	poll()	next	org.greenrobot.eventbus.PendingPost	SOURCE
org.greenrobot.eventbus.PendingPostQueue	poll()	head	org.greenrobot.eventbus.PendingPostQueue	SOURCE
org.greenrobot.eventbus.PendingPostQueue	poll()	head	org.greenrobot.eventbus.PendingPostQueue	SOURCE
org.greenrobot.eventbus.PendingPostQueue	poll()	tail	org.greenrobot.eventbus.PendingPostQueue	SOURCE
org.greenrobot.eventbus.PendingPostQueue	poll(int)	head	org.greenrobot.eventbus.PendingPostQueue	SOURCE
org.greenrobot.eventbus.PendingPost	PendingPost(java.lang.Object,org.greenrobot.eventbus.Subscription)	event	org.greenrobot.eventbus.PendingPost	SOURCE
org.greenrobot.eventbus.PendingPost	PendingPost(java.lang.Object,org.greenrobot.eventbus.Subscription)	this	org.greenrobot.eventbus.PendingPost	SOURCE
org.greenrobot.eventbus.PendingPost	PendingPost(java.lang.Object,org.greenrobot.eventbus.Subscription)	subscription	org.greenrobot.eventbus.PendingPost	SOURCE
org.greenrobot.eventbus.PendingPost	PendingPost(java.lang.Object,org.greenrobot.eventbus.Subscription)	this	org.greenrobot.eventbus.PendingPost	SOURCE
org.greenrobot.eventbus.PendingPost	obtainPendingPost(org.greenrobot.eventbus.Subscription,java.lang.Object)	pendingPostPool	org.greenrobot.eventbus.PendingPost	SOURCE
org.greenrobot.eventbus.PendingPost	obtainPendingPost(org.greenrobot.eventbus.Subscription,java.lang.Object)	pendingPostPool	org.greenrobot.eventbus.PendingPost	SOURCE
org.greenrobot.eventbus.PendingPost	obtainPendingPost(org.greenrobot.eventbus.Subscription,java.lang.Object)	pendingPostPool	org.greenrobot.eventbus.PendingPost	SOURCE
org.greenrobot.eventbus.PendingPost	obtainPendingPost(org.greenrobot.eventbus.Subscription,java.lang.Object)	event	org.greenrobot.eventbus.PendingPost	SOURCE
org.greenrobot.eventbus.PendingPost	obtainPendingPost(org.greenrobot.eventbus.Subscription,java.lang.Object)	subscription	org.greenrobot.eventbus.PendingPost	SOURCE
org.greenrobot.eventbus.PendingPost	obtainPendingPost(org.greenrobot.eventbus.Subscription,java.lang.Object)	next	org.greenrobot.eventbus.PendingPost	SOURCE
org.greenrobot.eventbus.PendingPost	releasePendingPost(org.greenrobot.eventbus.PendingPost)	event	org.greenrobot.eventbus.PendingPost	SOURCE
org.greenrobot.eventbus.PendingPost	releasePendingPost(org.greenrobot.eventbus.PendingPost)	subscription	org.greenrobot.eventbus.PendingPost	SOURCE
org.greenrobot.eventbus.PendingPost	releasePendingPost(org.greenrobot.eventbus.PendingPost)	next	org.greenrobot.eventbus.PendingPost	SOURCE
org.greenrobot.eventbus.PendingPost	releasePendingPost(org.greenrobot.eventbus.PendingPost)	pendingPostPool	org.greenrobot.eventbus.PendingPost	SOURCE
org.greenrobot.eventbus.PendingPost	releasePendingPost(org.greenrobot.eventbus.PendingPost)	pendingPostPool	org.greenrobot.eventbus.PendingPost	SOURCE
org.greenrobot.eventbus.PendingPost	releasePendingPost(org.greenrobot.eventbus.PendingPost)	pendingPostPool	org.greenrobot.eventbus.PendingPost	SOURCE
org.greenrobot.eventbus.Subscription	Subscription(java.lang.Object,org.greenrobot.eventbus.SubscriberMethod)	subscriber	org.greenrobot.eventbus.Subscription	SOURCE
org.greenrobot.eventbus.Subscription	Subscription(java.lang.Object,org.greenrobot.eventbus.SubscriberMethod)	this	org.greenrobot.eventbus.Subscription	SOURCE
org.greenrobot.eventbus.Subscription	Subscription(java.lang.Object,org.greenrobot.eventbus.SubscriberMethod)	subscriberMethod	org.greenrobot.eventbus.Subscription	SOURCE
org.greenrobot.eventbus.Subscription	Subscription(java.lang.Object,org.greenrobot.eventbus.SubscriberMethod)	this	org.greenrobot.eventbus.Subscription	SOURCE
org.greenrobot.eventbus.Subscription	Subscription(java.lang.Object,org.greenrobot.eventbus.SubscriberMethod)	active	org.greenrobot.eventbus.Subscription	SOURCE
org.greenrobot.eventbus.Subscription	equals(java.lang.Object)	subscriber	org.greenrobot.eventbus.Subscription	SOURCE
org.greenrobot.eventbus.Subscription	equals(java.lang.Object)	subscriber	org.greenrobot.eventbus.Subscription	SOURCE
org.greenrobot.eventbus.Subscription	equals(java.lang.Object)	subscriberMethod	org.greenrobot.eventbus.Subscription	SOURCE
org.greenrobot.eventbus.Subscription	equals(java.lang.Object)	subscriberMethod	org.greenrobot.eventbus.Subscription	SOURCE
org.greenrobot.eventbus.Subscription	hashCode()	subscriber	org.greenrobot.eventbus.Subscription	SOURCE
org.greenrobot.eventbus.Subscription	hashCode()	methodString	org.greenrobot.eventbus.SubscriberMethod	SOURCE
org.greenrobot.eventbus.Subscription	hashCode()	subscriberMethod	org.greenrobot.eventbus.Subscription	SOURCE
org.greenrobot.eventbus.SubscriberExceptionEvent	SubscriberExceptionEvent(org.greenrobot.eventbus.EventBus,java.lang.Throwable,java.lang.Object,java.lang.Object)	eventBus	org.greenrobot.eventbus.SubscriberExceptionEvent	SOURCE
org.greenrobot.eventbus.SubscriberExceptionEvent	SubscriberExceptionEvent(org.greenrobot.eventbus.EventBus,java.lang.Throwable,java.lang.Object,java.lang.Object)	this	org.greenrobot.eventbus.SubscriberExceptionEvent	SOURCE
org.greenrobot.eventbus.SubscriberExceptionEvent	SubscriberExceptionEvent(org.greenrobot.eventbus.EventBus,java.lang.Throwable,java.lang.Object,java.lang.Object)	throwable	org.greenrobot.eventbus.SubscriberExceptionEvent	SOURCE
org.greenrobot.eventbus.SubscriberExceptionEvent	SubscriberExceptionEvent(org.greenrobot.eventbus.EventBus,java.lang.Throwable,java.lang.Object,java.lang.Object)	this	org.greenrobot.eventbus.SubscriberExceptionEvent	SOURCE
org.greenrobot.eventbus.SubscriberExceptionEvent	SubscriberExceptionEvent(org.greenrobot.eventbus.EventBus,java.lang.Throwable,java.lang.Object,java.lang.Object)	causingEvent	org.greenrobot.eventbus.SubscriberExceptionEvent	SOURCE
org.greenrobot.eventbus.SubscriberExceptionEvent	SubscriberExceptionEvent(org.greenrobot.eventbus.EventBus,java.lang.Throwable,java.lang.Object,java.lang.Object)	this	org.greenrobot.eventbus.SubscriberExceptionEvent	SOURCE
org.greenrobot.eventbus.SubscriberExceptionEvent	SubscriberExceptionEvent(org.greenrobot.eventbus.EventBus,java.lang.Throwable,java.lang.Object,java.lang.Object)	causingSubscriber	org.greenrobot.eventbus.SubscriberExceptionEvent	SOURCE
org.greenrobot.eventbus.SubscriberExceptionEvent	SubscriberExceptionEvent(org.greenrobot.eventbus.EventBus,java.lang.Throwable,java.lang.Object,java.lang.Object)	this	org.greenrobot.eventbus.SubscriberExceptionEvent	SOURCE
org.greenrobot.eventbus.EventBus	getDefault()	defaultInstance	org.greenrobot.eventbus.EventBus	SOURCE
org.greenrobot.eventbus.EventBus	getDefault()	defaultInstance	org.greenrobot.eventbus.EventBus	SOURCE
org.greenrobot.eventbus.EventBus	getDefault()	class	org.greenrobot.eventbus.EventBus	SOURCE
org.greenrobot.eventbus.EventBus	getDefault()	defaultInstance	org.greenrobot.eventbus.EventBus	SOURCE
org.greenrobot.eventbus.EventBus	getDefault()	defaultInstance	org.greenrobot.eventbus.EventBus	SOURCE
org.greenrobot.eventbus.EventBus	clearCaches()	eventTypesCache	org.greenrobot.eventbus.EventBus	SOURCE
org.greenrobot.eventbus.EventBus	EventBus()	DEFAULT_BUILDER	org.greenrobot.eventbus.EventBus	SOURCE
org.greenrobot.eventbus.EventBus	EventBus(org.greenrobot.eventbus.EventBusBuilder)	logger	org.greenrobot.eventbus.EventBus	SOURCE
org.greenrobot.eventbus.EventBus	EventBus(org.greenrobot.eventbus.EventBusBuilder)	subscriptionsByEventType	org.greenrobot.eventbus.EventBus	SOURCE
org.greenrobot.eventbus.EventBus	EventBus(org.greenrobot.eventbus.EventBusBuilder)	typesBySubscriber	org.greenrobot.eventbus.EventBus	SOURCE
org.greenrobot.eventbus.EventBus	EventBus(org.greenrobot.eventbus.EventBusBuilder)	stickyEvents	org.greenrobot.eventbus.EventBus	SOURCE
org.greenrobot.eventbus.EventBus	EventBus(org.greenrobot.eventbus.EventBusBuilder)	mainThreadSupport	org.greenrobot.eventbus.EventBus	SOURCE
org.greenrobot.eventbus.EventBus	EventBus(org.greenrobot.eventbus.EventBusBuilder)	mainThreadPoster	org.greenrobot.eventbus.EventBus	SOURCE
org.greenrobot.eventbus.EventBus	EventBus(org.greenrobot.eventbus.EventBusBuilder)	mainThreadSupport	org.greenrobot.eventbus.EventBus	SOURCE
org.greenrobot.eventbus.EventBus	EventBus(org.greenrobot.eventbus.EventBusBuilder)	mainThreadSupport	org.greenrobot.eventbus.EventBus	SOURCE
org.greenrobot.eventbus.EventBus	EventBus(org.greenrobot.eventbus.EventBusBuilder)	this	org.greenrobot.eventbus.EventBus	SOURCE
org.greenrobot.eventbus.EventBus	EventBus(org.greenrobot.eventbus.EventBusBuilder)	backgroundPoster	org.greenrobot.eventbus.EventBus	SOURCE
org.greenrobot.eventbus.EventBus	EventBus(org.greenrobot.eventbus.EventBusBuilder)	this	org.greenrobot.eventbus.EventBus	SOURCE
org.greenrobot.eventbus.EventBus	EventBus(org.greenrobot.eventbus.EventBusBuilder)	asyncPoster	org.greenrobot.eventbus.EventBus	SOURCE
org.greenrobot.eventbus.EventBus	EventBus(org.greenrobot.eventbus.EventBusBuilder)	this	org.greenrobot.eventbus.EventBus	SOURCE
org.greenrobot.eventbus.EventBus	EventBus(org.greenrobot.eventbus.EventBusBuilder)	indexCount	org.greenrobot.eventbus.EventBus	SOURCE
org.greenrobot.eventbus.EventBus	EventBus(org.greenrobot.eventbus.EventBusBuilder)	subscriberInfoIndexes	org.greenrobot.eventbus.EventBusBuilder	SOURCE
org.greenrobot.eventbus.EventBus	EventBus(org.greenrobot.eventbus.EventBusBuilder)	subscriberInfoIndexes	org.greenrobot.eventbus.EventBusBuilder	SOURCE
org.greenrobot.eventbus.EventBus	EventBus(org.greenrobot.eventbus.EventBusBuilder)	subscriberMethodFinder	org.greenrobot.eventbus.EventBus	SOURCE
org.greenrobot.eventbus.EventBus	EventBus(org.greenrobot.eventbus.EventBusBuilder)	subscriberInfoIndexes	org.greenrobot.eventbus.EventBusBuilder	SOURCE
org.greenrobot.eventbus.EventBus	EventBus(org.greenrobot.eventbus.EventBusBuilder)	strictMethodVerification	org.greenrobot.eventbus.EventBusBuilder	SOURCE
org.greenrobot.eventbus.EventBus	EventBus(org.greenrobot.eventbus.EventBusBuilder)	ignoreGeneratedIndex	org.greenrobot.eventbus.EventBusBuilder	SOURCE
org.greenrobot.eventbus.EventBus	EventBus(org.greenrobot.eventbus.EventBusBuilder)	logSubscriberExceptions	org.greenrobot.eventbus.EventBus	SOURCE
org.greenrobot.eventbus.EventBus	EventBus(org.greenrobot.eventbus.EventBusBuilder)	logSubscriberExceptions	org.greenrobot.eventbus.EventBusBuilder	SOURCE
org.greenrobot.eventbus.EventBus	EventBus(org.greenrobot.eventbus.EventBusBuilder)	logNoSubscriberMessages	org.greenrobot.eventbus.EventBus	SOURCE
org.greenrobot.eventbus.EventBus	EventBus(org.greenrobot.eventbus.EventBusBuilder)	logNoSubscriberMessages	org.greenrobot.eventbus.EventBusBuilder	SOURCE
org.greenrobot.eventbus.EventBus	EventBus(org.greenrobot.eventbus.EventBusBuilder)	sendSubscriberExceptionEvent	org.greenrobot.eventbus.EventBus	SOURCE
org.greenrobot.eventbus.EventBus	EventBus(org.greenrobot.eventbus.EventBusBuilder)	sendSubscriberExceptionEvent	org.greenrobot.eventbus.EventBusBuilder	SOURCE
org.greenrobot.eventbus.EventBus	EventBus(org.greenrobot.eventbus.EventBusBuilder)	sendNoSubscriberEvent	org.greenrobot.eventbus.EventBus	SOURCE
org.greenrobot.eventbus.EventBus	EventBus(org.greenrobot.eventbus.EventBusBuilder)	sendNoSubscriberEvent	org.greenrobot.eventbus.EventBusBuilder	SOURCE
org.greenrobot.eventbus.EventBus	EventBus(org.greenrobot.eventbus.EventBusBuilder)	throwSubscriberException	org.greenrobot.eventbus.EventBus	SOURCE
org.greenrobot.eventbus.EventBus	EventBus(org.greenrobot.eventbus.EventBusBuilder)	throwSubscriberException	org.greenrobot.eventbus.EventBusBuilder	SOURCE
org.greenrobot.eventbus.EventBus	EventBus(org.greenrobot.eventbus.EventBusBuilder)	eventInheritance	org.greenrobot.eventbus.EventBus	SOURCE
org.greenrobot.eventbus.EventBus	EventBus(org.greenrobot.eventbus.EventBusBuilder)	eventInheritance	org.greenrobot.eventbus.EventBusBuilder	SOURCE
org.greenrobot.eventbus.EventBus	EventBus(org.greenrobot.eventbus.EventBusBuilder)	executorService	org.greenrobot.eventbus.EventBus	SOURCE
org.greenrobot.eventbus.EventBus	EventBus(org.greenrobot.eventbus.EventBusBuilder)	executorService	org.greenrobot.eventbus.EventBusBuilder	SOURCE
org.greenrobot.eventbus.EventBus	register(java.lang.Object)	subscriberMethodFinder	org.greenrobot.eventbus.EventBus	SOURCE
org.greenrobot.eventbus.EventBus	register(java.lang.Object)	this	org.greenrobot.eventbus.EventBus	SOURCE
org.greenrobot.eventbus.EventBus	subscribe(java.lang.Object,org.greenrobot.eventbus.SubscriberMethod)	eventType	org.greenrobot.eventbus.SubscriberMethod	SOURCE
org.greenrobot.eventbus.EventBus	subscribe(java.lang.Object,org.greenrobot.eventbus.SubscriberMethod)	eventType	org.greenrobot.eventbus.SubscriberMethod	SOURCE
org.greenrobot.eventbus.EventBus	subscribe(java.lang.Object,org.greenrobot.eventbus.SubscriberMethod)	subscriptionsByEventType	org.greenrobot.eventbus.EventBus	SOURCE
org.greenrobot.eventbus.EventBus	subscribe(java.lang.Object,org.greenrobot.eventbus.SubscriberMethod)	subscriptionsByEventType	org.greenrobot.eventbus.EventBus	SOURCE
org.greenrobot.eventbus.EventBus	subscribe(java.lang.Object,org.greenrobot.eventbus.SubscriberMethod)	priority	org.greenrobot.eventbus.SubscriberMethod	SOURCE
org.greenrobot.eventbus.EventBus	subscribe(java.lang.Object,org.greenrobot.eventbus.SubscriberMethod)	priority	org.greenrobot.eventbus.SubscriberMethod	SOURCE
org.greenrobot.eventbus.EventBus	subscribe(java.lang.Object,org.greenrobot.eventbus.SubscriberMethod)	subscriberMethod	org.greenrobot.eventbus.Subscription	SOURCE
org.greenrobot.eventbus.EventBus	subscribe(java.lang.Object,org.greenrobot.eventbus.SubscriberMethod)	typesBySubscriber	org.greenrobot.eventbus.EventBus	SOURCE
org.greenrobot.eventbus.EventBus	subscribe(java.lang.Object,org.greenrobot.eventbus.SubscriberMethod)	typesBySubscriber	org.greenrobot.eventbus.EventBus	SOURCE
org.greenrobot.eventbus.EventBus	subscribe(java.lang.Object,org.greenrobot.eventbus.SubscriberMethod)	sticky	org.greenrobot.eventbus.SubscriberMethod	SOURCE
org.greenrobot.eventbus.EventBus	subscribe(java.lang.Object,org.greenrobot.eventbus.SubscriberMethod)	eventInheritance	org.greenrobot.eventbus.EventBus	SOURCE
org.greenrobot.eventbus.EventBus	subscribe(java.lang.Object,org.greenrobot.eventbus.SubscriberMethod)	stickyEvents	org.greenrobot.eventbus.EventBus	SOURCE
org.greenrobot.eventbus.EventBus	subscribe(java.lang.Object,org.greenrobot.eventbus.SubscriberMethod)	stickyEvents	org.greenrobot.eventbus.EventBus	SOURCE
org.greenrobot.eventbus.EventBus	isMainThread()	mainThreadSupport	org.greenrobot.eventbus.EventBus	SOURCE
org.greenrobot.eventbus.EventBus	isMainThread()	mainThreadSupport	org.greenrobot.eventbus.EventBus	SOURCE
org.greenrobot.eventbus.EventBus	isRegistered(java.lang.Object)	typesBySubscriber	org.greenrobot.eventbus.EventBus	SOURCE
org.greenrobot.eventbus.EventBus	unsubscribeByEventType(java.lang.Object,java.lang.Class<?>)	subscriptionsByEventType	org.greenrobot.eventbus.EventBus	SOURCE
org.greenrobot.eventbus.EventBus	unsubscribeByEventType(java.lang.Object,java.lang.Class<?>)	subscriber	org.greenrobot.eventbus.Subscription	SOURCE
org.greenrobot.eventbus.EventBus	unsubscribeByEventType(java.lang.Object,java.lang.Class<?>)	active	org.greenrobot.eventbus.Subscription	SOURCE
org.greenrobot.eventbus.EventBus	unregister(java.lang.Object)	typesBySubscriber	org.greenrobot.eventbus.EventBus	SOURCE
org.greenrobot.eventbus.EventBus	unregister(java.lang.Object)	typesBySubscriber	org.greenrobot.eventbus.EventBus	SOURCE
org.greenrobot.eventbus.EventBus	unregister(java.lang.Object)	logger	org.greenrobot.eventbus.EventBus	SOURCE
org.greenrobot.eventbus.EventBus	unregister(java.lang.Object)	WARNING	java.util.logging.Level	SOURCE
org.greenrobot.eventbus.EventBus	post(java.lang.Object)	currentPostingThreadState	org.greenrobot.eventbus.EventBus	SOURCE
org.greenrobot.eventbus.EventBus	post(java.lang.Object)	eventQueue	org.greenrobot.eventbus.EventBus$PostingThreadState	SOURCE
org.greenrobot.eventbus.EventBus	post(java.lang.Object)	eventQueue	org.greenrobot.eventbus.EventBus$PostingThreadState	SOURCE
org.greenrobot.eventbus.EventBus	post(java.lang.Object)	isPosting	org.greenrobot.eventbus.EventBus$PostingThreadState	SOURCE
org.greenrobot.eventbus.EventBus	post(java.lang.Object)	isMainThread	org.greenrobot.eventbus.EventBus$PostingThreadState	SOURCE
org.greenrobot.eventbus.EventBus	post(java.lang.Object)	isPosting	org.greenrobot.eventbus.EventBus$PostingThreadState	SOURCE
org.greenrobot.eventbus.EventBus	post(java.lang.Object)	canceled	org.greenrobot.eventbus.EventBus$PostingThreadState	SOURCE
org.greenrobot.eventbus.EventBus	post(java.lang.Object)	isPosting	org.greenrobot.eventbus.EventBus$PostingThreadState	SOURCE
org.greenrobot.eventbus.EventBus	post(java.lang.Object)	isMainThread	org.greenrobot.eventbus.EventBus$PostingThreadState	SOURCE
org.greenrobot.eventbus.EventBus	cancelEventDelivery(java.lang.Object)	currentPostingThreadState	org.greenrobot.eventbus.EventBus	SOURCE
org.greenrobot.eventbus.EventBus	cancelEventDelivery(java.lang.Object)	isPosting	org.greenrobot.eventbus.EventBus$PostingThreadState	SOURCE
org.greenrobot.eventbus.EventBus	cancelEventDelivery(java.lang.Object)	event	org.greenrobot.eventbus.EventBus$PostingThreadState	SOURCE
org.greenrobot.eventbus.EventBus	cancelEventDelivery(java.lang.Object)	threadMode	org.greenrobot.eventbus.SubscriberMethod	SOURCE
org.greenrobot.eventbus.EventBus	cancelEventDelivery(java.lang.Object)	subscriberMethod	org.greenrobot.eventbus.Subscription	SOURCE
org.greenrobot.eventbus.EventBus	cancelEventDelivery(java.lang.Object)	subscription	org.greenrobot.eventbus.EventBus$PostingThreadState	SOURCE
org.greenrobot.eventbus.EventBus	cancelEventDelivery(java.lang.Object)	canceled	org.greenrobot.eventbus.EventBus$PostingThreadState	SOURCE
org.greenrobot.eventbus.EventBus	postSticky(java.lang.Object)	stickyEvents	org.greenrobot.eventbus.EventBus	SOURCE
org.greenrobot.eventbus.EventBus	postSticky(java.lang.Object)	stickyEvents	org.greenrobot.eventbus.EventBus	SOURCE
org.greenrobot.eventbus.EventBus	<T>getStickyEvent(java.lang.Class<T>)	stickyEvents	org.greenrobot.eventbus.EventBus	SOURCE
org.greenrobot.eventbus.EventBus	<T>getStickyEvent(java.lang.Class<T>)	stickyEvents	org.greenrobot.eventbus.EventBus	SOURCE
org.greenrobot.eventbus.EventBus	<T>removeStickyEvent(java.lang.Class<T>)	stickyEvents	org.greenrobot.eventbus.EventBus	SOURCE
org.greenrobot.eventbus.EventBus	<T>removeStickyEvent(java.lang.Class<T>)	stickyEvents	org.greenrobot.eventbus.EventBus	SOURCE
org.greenrobot.eventbus.EventBus	removeStickyEvent(java.lang.Object)	stickyEvents	org.greenrobot.eventbus.EventBus	SOURCE
org.greenrobot.eventbus.EventBus	removeStickyEvent(java.lang.Object)	stickyEvents	org.greenrobot.eventbus.EventBus	SOURCE
org.greenrobot.eventbus.EventBus	removeStickyEvent(java.lang.Object)	stickyEvents	org.greenrobot.eventbus.EventBus	SOURCE
org.greenrobot.eventbus.EventBus	removeAllStickyEvents()	stickyEvents	org.greenrobot.eventbus.EventBus	SOURCE
org.greenrobot.eventbus.EventBus	removeAllStickyEvents()	stickyEvents	org.greenrobot.eventbus.EventBus	SOURCE
org.greenrobot.eventbus.EventBus	hasSubscriberForEvent(java.lang.Class<?>)	this	org.greenrobot.eventbus.EventBus	SOURCE
org.greenrobot.eventbus.EventBus	hasSubscriberForEvent(java.lang.Class<?>)	subscriptionsByEventType	org.greenrobot.eventbus.EventBus	SOURCE
org.greenrobot.eventbus.EventBus	postSingleEvent(java.lang.Object,org.greenrobot.eventbus.EventBus.PostingThreadState)	eventInheritance	org.greenrobot.eventbus.EventBus	SOURCE
org.greenrobot.eventbus.EventBus	postSingleEvent(java.lang.Object,org.greenrobot.eventbus.EventBus.PostingThreadState)	logNoSubscriberMessages	org.greenrobot.eventbus.EventBus	SOURCE
org.greenrobot.eventbus.EventBus	postSingleEvent(java.lang.Object,org.greenrobot.eventbus.EventBus.PostingThreadState)	logger	org.greenrobot.eventbus.EventBus	SOURCE
org.greenrobot.eventbus.EventBus	postSingleEvent(java.lang.Object,org.greenrobot.eventbus.EventBus.PostingThreadState)	FINE	java.util.logging.Level	SOURCE
org.greenrobot.eventbus.EventBus	postSingleEvent(java.lang.Object,org.greenrobot.eventbus.EventBus.PostingThreadState)	sendNoSubscriberEvent	org.greenrobot.eventbus.EventBus	SOURCE
org.greenrobot.eventbus.EventBus	postSingleEvent(java.lang.Object,org.greenrobot.eventbus.EventBus.PostingThreadState)	class	org.greenrobot.eventbus.NoSubscriberEvent	SOURCE
org.greenrobot.eventbus.EventBus	postSingleEvent(java.lang.Object,org.greenrobot.eventbus.EventBus.PostingThreadState)	class	org.greenrobot.eventbus.SubscriberExceptionEvent	SOURCE
org.greenrobot.eventbus.EventBus	postSingleEvent(java.lang.Object,org.greenrobot.eventbus.EventBus.PostingThreadState)	this	org.greenrobot.eventbus.EventBus	SOURCE
org.greenrobot.eventbus.EventBus	postSingleEventForEventType(java.lang.Object,org.greenrobot.eventbus.EventBus.PostingThreadState,java.lang.Class<?>)	this	org.greenrobot.eventbus.EventBus	SOURCE
org.greenrobot.eventbus.EventBus	postSingleEventForEventType(java.lang.Object,org.greenrobot.eventbus.EventBus.PostingThreadState,java.lang.Class<?>)	subscriptionsByEventType	org.greenrobot.eventbus.EventBus	SOURCE
org.greenrobot.eventbus.EventBus	postSingleEventForEventType(java.lang.Object,org.greenrobot.eventbus.EventBus.PostingThreadState,java.lang.Class<?>)	event	org.greenrobot.eventbus.EventBus$PostingThreadState	SOURCE
org.greenrobot.eventbus.EventBus	postSingleEventForEventType(java.lang.Object,org.greenrobot.eventbus.EventBus.PostingThreadState,java.lang.Class<?>)	subscription	org.greenrobot.eventbus.EventBus$PostingThreadState	SOURCE
org.greenrobot.eventbus.EventBus	postSingleEventForEventType(java.lang.Object,org.greenrobot.eventbus.EventBus.PostingThreadState,java.lang.Class<?>)	isMainThread	org.greenrobot.eventbus.EventBus$PostingThreadState	SOURCE
org.greenrobot.eventbus.EventBus	postSingleEventForEventType(java.lang.Object,org.greenrobot.eventbus.EventBus.PostingThreadState,java.lang.Class<?>)	canceled	org.greenrobot.eventbus.EventBus$PostingThreadState	SOURCE
org.greenrobot.eventbus.EventBus	postSingleEventForEventType(java.lang.Object,org.greenrobot.eventbus.EventBus.PostingThreadState,java.lang.Class<?>)	event	org.greenrobot.eventbus.EventBus$PostingThreadState	SOURCE
org.greenrobot.eventbus.EventBus	postSingleEventForEventType(java.lang.Object,org.greenrobot.eventbus.EventBus.PostingThreadState,java.lang.Class<?>)	subscription	org.greenrobot.eventbus.EventBus$PostingThreadState	SOURCE
org.greenrobot.eventbus.EventBus	postSingleEventForEventType(java.lang.Object,org.greenrobot.eventbus.EventBus.PostingThreadState,java.lang.Class<?>)	canceled	org.greenrobot.eventbus.EventBus$PostingThreadState	SOURCE
org.greenrobot.eventbus.EventBus	postToSubscription(org.greenrobot.eventbus.Subscription,java.lang.Object,boolean)	threadMode	org.greenrobot.eventbus.SubscriberMethod	SOURCE
org.greenrobot.eventbus.EventBus	postToSubscription(org.greenrobot.eventbus.Subscription,java.lang.Object,boolean)	subscriberMethod	org.greenrobot.eventbus.Subscription	SOURCE
org.greenrobot.eventbus.EventBus	postToSubscription(org.greenrobot.eventbus.Subscription,java.lang.Object,boolean)	mainThreadPoster	org.greenrobot.eventbus.EventBus	SOURCE
org.greenrobot.eventbus.EventBus	postToSubscription(org.greenrobot.eventbus.Subscription,java.lang.Object,boolean)	mainThreadPoster	org.greenrobot.eventbus.EventBus	SOURCE
org.greenrobot.eventbus.EventBus	postToSubscription(org.greenrobot.eventbus.Subscription,java.lang.Object,boolean)	mainThreadPoster	org.greenrobot.eventbus.EventBus	SOURCE
org.greenrobot.eventbus.EventBus	postToSubscription(org.greenrobot.eventbus.Subscription,java.lang.Object,boolean)	backgroundPoster	org.greenrobot.eventbus.EventBus	SOURCE
org.greenrobot.eventbus.EventBus	postToSubscription(org.greenrobot.eventbus.Subscription,java.lang.Object,boolean)	asyncPoster	org.greenrobot.eventbus.EventBus	SOURCE
org.greenrobot.eventbus.EventBus	postToSubscription(org.greenrobot.eventbus.Subscription,java.lang.Object,boolean)	threadMode	org.greenrobot.eventbus.SubscriberMethod	SOURCE
org.greenrobot.eventbus.EventBus	postToSubscription(org.greenrobot.eventbus.Subscription,java.lang.Object,boolean)	subscriberMethod	org.greenrobot.eventbus.Subscription	SOURCE
org.greenrobot.eventbus.EventBus	lookupAllEventTypes(java.lang.Class<?>)	eventTypesCache	org.greenrobot.eventbus.EventBus	SOURCE
org.greenrobot.eventbus.EventBus	lookupAllEventTypes(java.lang.Class<?>)	eventTypesCache	org.greenrobot.eventbus.EventBus	SOURCE
org.greenrobot.eventbus.EventBus	lookupAllEventTypes(java.lang.Class<?>)	eventTypesCache	org.greenrobot.eventbus.EventBus	SOURCE
org.greenrobot.eventbus.EventBus	invokeSubscriber(org.greenrobot.eventbus.PendingPost)	event	org.greenrobot.eventbus.PendingPost	SOURCE
org.greenrobot.eventbus.EventBus	invokeSubscriber(org.greenrobot.eventbus.PendingPost)	event	org.greenrobot.eventbus.PendingPost	SOURCE
org.greenrobot.eventbus.EventBus	invokeSubscriber(org.greenrobot.eventbus.PendingPost)	subscription	org.greenrobot.eventbus.PendingPost	SOURCE
org.greenrobot.eventbus.EventBus	invokeSubscriber(org.greenrobot.eventbus.PendingPost)	subscription	org.greenrobot.eventbus.PendingPost	SOURCE
org.greenrobot.eventbus.EventBus	invokeSubscriber(org.greenrobot.eventbus.PendingPost)	active	org.greenrobot.eventbus.Subscription	SOURCE
org.greenrobot.eventbus.EventBus	invokeSubscriber(org.greenrobot.eventbus.Subscription,java.lang.Object)	method	org.greenrobot.eventbus.SubscriberMethod	SOURCE
org.greenrobot.eventbus.EventBus	invokeSubscriber(org.greenrobot.eventbus.Subscription,java.lang.Object)	subscriberMethod	org.greenrobot.eventbus.Subscription	SOURCE
org.greenrobot.eventbus.EventBus	invokeSubscriber(org.greenrobot.eventbus.Subscription,java.lang.Object)	subscriber	org.greenrobot.eventbus.Subscription	SOURCE
org.greenrobot.eventbus.EventBus	handleSubscriberException(org.greenrobot.eventbus.Subscription,java.lang.Object,java.lang.Throwable)	logSubscriberExceptions	org.greenrobot.eventbus.EventBus	SOURCE
org.greenrobot.eventbus.EventBus	handleSubscriberException(org.greenrobot.eventbus.Subscription,java.lang.Object,java.lang.Throwable)	logger	org.greenrobot.eventbus.EventBus	SOURCE
org.greenrobot.eventbus.EventBus	handleSubscriberException(org.greenrobot.eventbus.Subscription,java.lang.Object,java.lang.Throwable)	SEVERE	java.util.logging.Level	SOURCE
org.greenrobot.eventbus.EventBus	handleSubscriberException(org.greenrobot.eventbus.Subscription,java.lang.Object,java.lang.Throwable)	subscriber	org.greenrobot.eventbus.Subscription	SOURCE
org.greenrobot.eventbus.EventBus	handleSubscriberException(org.greenrobot.eventbus.Subscription,java.lang.Object,java.lang.Throwable)	logger	org.greenrobot.eventbus.EventBus	SOURCE
org.greenrobot.eventbus.EventBus	handleSubscriberException(org.greenrobot.eventbus.Subscription,java.lang.Object,java.lang.Throwable)	SEVERE	java.util.logging.Level	SOURCE
org.greenrobot.eventbus.EventBus	handleSubscriberException(org.greenrobot.eventbus.Subscription,java.lang.Object,java.lang.Throwable)	causingEvent	org.greenrobot.eventbus.SubscriberExceptionEvent	SOURCE
org.greenrobot.eventbus.EventBus	handleSubscriberException(org.greenrobot.eventbus.Subscription,java.lang.Object,java.lang.Throwable)	causingSubscriber	org.greenrobot.eventbus.SubscriberExceptionEvent	SOURCE
org.greenrobot.eventbus.EventBus	handleSubscriberException(org.greenrobot.eventbus.Subscription,java.lang.Object,java.lang.Throwable)	throwable	org.greenrobot.eventbus.SubscriberExceptionEvent	SOURCE
org.greenrobot.eventbus.EventBus	handleSubscriberException(org.greenrobot.eventbus.Subscription,java.lang.Object,java.lang.Throwable)	throwSubscriberException	org.greenrobot.eventbus.EventBus	SOURCE
org.greenrobot.eventbus.EventBus	handleSubscriberException(org.greenrobot.eventbus.Subscription,java.lang.Object,java.lang.Throwable)	logSubscriberExceptions	org.greenrobot.eventbus.EventBus	SOURCE
org.greenrobot.eventbus.EventBus	handleSubscriberException(org.greenrobot.eventbus.Subscription,java.lang.Object,java.lang.Throwable)	logger	org.greenrobot.eventbus.EventBus	SOURCE
org.greenrobot.eventbus.EventBus	handleSubscriberException(org.greenrobot.eventbus.Subscription,java.lang.Object,java.lang.Throwable)	SEVERE	java.util.logging.Level	SOURCE
org.greenrobot.eventbus.EventBus	handleSubscriberException(org.greenrobot.eventbus.Subscription,java.lang.Object,java.lang.Throwable)	subscriber	org.greenrobot.eventbus.Subscription	SOURCE
org.greenrobot.eventbus.EventBus	handleSubscriberException(org.greenrobot.eventbus.Subscription,java.lang.Object,java.lang.Throwable)	sendSubscriberExceptionEvent	org.greenrobot.eventbus.EventBus	SOURCE
org.greenrobot.eventbus.EventBus	handleSubscriberException(org.greenrobot.eventbus.Subscription,java.lang.Object,java.lang.Throwable)	this	org.greenrobot.eventbus.EventBus	SOURCE
org.greenrobot.eventbus.EventBus	handleSubscriberException(org.greenrobot.eventbus.Subscription,java.lang.Object,java.lang.Throwable)	subscriber	org.greenrobot.eventbus.Subscription	SOURCE
org.greenrobot.eventbus.EventBus	getExecutorService()	executorService	org.greenrobot.eventbus.EventBus	SOURCE
org.greenrobot.eventbus.EventBus	getLogger()	logger	org.greenrobot.eventbus.EventBus	SOURCE
org.greenrobot.eventbus.EventBus	toString()	indexCount	org.greenrobot.eventbus.EventBus	SOURCE
org.greenrobot.eventbus.EventBus	toString()	eventInheritance	org.greenrobot.eventbus.EventBus	SOURCE
org.greenrobot.eventbus.EventBusBuilder	executorService	DEFAULT_EXECUTOR_SERVICE	org.greenrobot.eventbus.EventBusBuilder	SOURCE
org.greenrobot.eventbus.EventBusBuilder	DEFAULT_EXECUTOR_SERVICE	DEFAULT_EXECUTOR_SERVICE	org.greenrobot.eventbus.EventBusBuilder	SOURCE
org.greenrobot.eventbus.EventBusBuilder	logSubscriberExceptions(boolean)	logSubscriberExceptions	org.greenrobot.eventbus.EventBusBuilder	SOURCE
org.greenrobot.eventbus.EventBusBuilder	logSubscriberExceptions(boolean)	this	org.greenrobot.eventbus.EventBusBuilder	SOURCE
org.greenrobot.eventbus.EventBusBuilder	logSubscriberExceptions(boolean)	this	org.greenrobot.eventbus.EventBusBuilder	SOURCE
org.greenrobot.eventbus.EventBusBuilder	logNoSubscriberMessages(boolean)	logNoSubscriberMessages	org.greenrobot.eventbus.EventBusBuilder	SOURCE
org.greenrobot.eventbus.EventBusBuilder	logNoSubscriberMessages(boolean)	this	org.greenrobot.eventbus.EventBusBuilder	SOURCE
org.greenrobot.eventbus.EventBusBuilder	logNoSubscriberMessages(boolean)	this	org.greenrobot.eventbus.EventBusBuilder	SOURCE
org.greenrobot.eventbus.EventBusBuilder	sendSubscriberExceptionEvent(boolean)	sendSubscriberExceptionEvent	org.greenrobot.eventbus.EventBusBuilder	SOURCE
org.greenrobot.eventbus.EventBusBuilder	sendSubscriberExceptionEvent(boolean)	this	org.greenrobot.eventbus.EventBusBuilder	SOURCE
org.greenrobot.eventbus.EventBusBuilder	sendSubscriberExceptionEvent(boolean)	this	org.greenrobot.eventbus.EventBusBuilder	SOURCE
org.greenrobot.eventbus.EventBusBuilder	sendNoSubscriberEvent(boolean)	sendNoSubscriberEvent	org.greenrobot.eventbus.EventBusBuilder	SOURCE
org.greenrobot.eventbus.EventBusBuilder	sendNoSubscriberEvent(boolean)	this	org.greenrobot.eventbus.EventBusBuilder	SOURCE
org.greenrobot.eventbus.EventBusBuilder	sendNoSubscriberEvent(boolean)	this	org.greenrobot.eventbus.EventBusBuilder	SOURCE
org.greenrobot.eventbus.EventBusBuilder	throwSubscriberException(boolean)	throwSubscriberException	org.greenrobot.eventbus.EventBusBuilder	SOURCE
org.greenrobot.eventbus.EventBusBuilder	throwSubscriberException(boolean)	this	org.greenrobot.eventbus.EventBusBuilder	SOURCE
org.greenrobot.eventbus.EventBusBuilder	throwSubscriberException(boolean)	this	org.greenrobot.eventbus.EventBusBuilder	SOURCE
org.greenrobot.eventbus.EventBusBuilder	eventInheritance(boolean)	eventInheritance	org.greenrobot.eventbus.EventBusBuilder	SOURCE
org.greenrobot.eventbus.EventBusBuilder	eventInheritance(boolean)	this	org.greenrobot.eventbus.EventBusBuilder	SOURCE
org.greenrobot.eventbus.EventBusBuilder	eventInheritance(boolean)	this	org.greenrobot.eventbus.EventBusBuilder	SOURCE
org.greenrobot.eventbus.EventBusBuilder	executorService(java.util.concurrent.ExecutorService)	executorService	org.greenrobot.eventbus.EventBusBuilder	SOURCE
org.greenrobot.eventbus.EventBusBuilder	executorService(java.util.concurrent.ExecutorService)	this	org.greenrobot.eventbus.EventBusBuilder	SOURCE
org.greenrobot.eventbus.EventBusBuilder	executorService(java.util.concurrent.ExecutorService)	this	org.greenrobot.eventbus.EventBusBuilder	SOURCE
org.greenrobot.eventbus.EventBusBuilder	skipMethodVerificationFor(java.lang.Class<?>)	skipMethodVerificationForClasses	org.greenrobot.eventbus.EventBusBuilder	SOURCE
org.greenrobot.eventbus.EventBusBuilder	skipMethodVerificationFor(java.lang.Class<?>)	skipMethodVerificationForClasses	org.greenrobot.eventbus.EventBusBuilder	SOURCE
org.greenrobot.eventbus.EventBusBuilder	skipMethodVerificationFor(java.lang.Class<?>)	skipMethodVerificationForClasses	org.greenrobot.eventbus.EventBusBuilder	SOURCE
org.greenrobot.eventbus.EventBusBuilder	skipMethodVerificationFor(java.lang.Class<?>)	this	org.greenrobot.eventbus.EventBusBuilder	SOURCE
org.greenrobot.eventbus.EventBusBuilder	ignoreGeneratedIndex(boolean)	ignoreGeneratedIndex	org.greenrobot.eventbus.EventBusBuilder	SOURCE
org.greenrobot.eventbus.EventBusBuilder	ignoreGeneratedIndex(boolean)	this	org.greenrobot.eventbus.EventBusBuilder	SOURCE
org.greenrobot.eventbus.EventBusBuilder	ignoreGeneratedIndex(boolean)	this	org.greenrobot.eventbus.EventBusBuilder	SOURCE
org.greenrobot.eventbus.EventBusBuilder	strictMethodVerification(boolean)	strictMethodVerification	org.greenrobot.eventbus.EventBusBuilder	SOURCE
org.greenrobot.eventbus.EventBusBuilder	strictMethodVerification(boolean)	this	org.greenrobot.eventbus.EventBusBuilder	SOURCE
org.greenrobot.eventbus.EventBusBuilder	strictMethodVerification(boolean)	this	org.greenrobot.eventbus.EventBusBuilder	SOURCE
org.greenrobot.eventbus.EventBusBuilder	addIndex(org.greenrobot.eventbus.meta.SubscriberInfoIndex)	subscriberInfoIndexes	org.greenrobot.eventbus.EventBusBuilder	SOURCE
org.greenrobot.eventbus.EventBusBuilder	addIndex(org.greenrobot.eventbus.meta.SubscriberInfoIndex)	subscriberInfoIndexes	org.greenrobot.eventbus.EventBusBuilder	SOURCE
org.greenrobot.eventbus.EventBusBuilder	addIndex(org.greenrobot.eventbus.meta.SubscriberInfoIndex)	subscriberInfoIndexes	org.greenrobot.eventbus.EventBusBuilder	SOURCE
org.greenrobot.eventbus.EventBusBuilder	addIndex(org.greenrobot.eventbus.meta.SubscriberInfoIndex)	this	org.greenrobot.eventbus.EventBusBuilder	SOURCE
org.greenrobot.eventbus.EventBusBuilder	logger(org.greenrobot.eventbus.Logger)	logger	org.greenrobot.eventbus.EventBusBuilder	SOURCE
org.greenrobot.eventbus.EventBusBuilder	logger(org.greenrobot.eventbus.Logger)	this	org.greenrobot.eventbus.EventBusBuilder	SOURCE
org.greenrobot.eventbus.EventBusBuilder	logger(org.greenrobot.eventbus.Logger)	this	org.greenrobot.eventbus.EventBusBuilder	SOURCE
org.greenrobot.eventbus.EventBusBuilder	getLogger()	logger	org.greenrobot.eventbus.EventBusBuilder	SOURCE
org.greenrobot.eventbus.EventBusBuilder	getLogger()	logger	org.greenrobot.eventbus.EventBusBuilder	SOURCE
org.greenrobot.eventbus.EventBusBuilder	getMainThreadSupport()	mainThreadSupport	org.greenrobot.eventbus.EventBusBuilder	SOURCE
org.greenrobot.eventbus.EventBusBuilder	getMainThreadSupport()	mainThreadSupport	org.greenrobot.eventbus.EventBusBuilder	SOURCE
org.greenrobot.eventbus.EventBusBuilder	installDefaultEventBus()	class	org.greenrobot.eventbus.EventBus	SOURCE
org.greenrobot.eventbus.EventBusBuilder	installDefaultEventBus()	defaultInstance	org.greenrobot.eventbus.EventBus	SOURCE
org.greenrobot.eventbus.EventBusBuilder	installDefaultEventBus()	defaultInstance	org.greenrobot.eventbus.EventBus	SOURCE
org.greenrobot.eventbus.EventBusBuilder	installDefaultEventBus()	defaultInstance	org.greenrobot.eventbus.EventBus	SOURCE
org.greenrobot.eventbus.EventBusBuilder	build()	this	org.greenrobot.eventbus.EventBusBuilder	SOURCE
org.greenrobot.eventbus.MainThreadSupport$AndroidHandlerMainThreadSupport	AndroidHandlerMainThreadSupport(android.os.Looper)	looper	org.greenrobot.eventbus.MainThreadSupport$AndroidHandlerMainThreadSupport	SOURCE
org.greenrobot.eventbus.MainThreadSupport$AndroidHandlerMainThreadSupport	AndroidHandlerMainThreadSupport(android.os.Looper)	this	org.greenrobot.eventbus.MainThreadSupport$AndroidHandlerMainThreadSupport	SOURCE
org.greenrobot.eventbus.MainThreadSupport$AndroidHandlerMainThreadSupport	isMainThread()	looper	org.greenrobot.eventbus.MainThreadSupport$AndroidHandlerMainThreadSupport	SOURCE
org.greenrobot.eventbus.MainThreadSupport$AndroidHandlerMainThreadSupport	createPoster(org.greenrobot.eventbus.EventBus)	looper	org.greenrobot.eventbus.MainThreadSupport$AndroidHandlerMainThreadSupport	SOURCE
org.greenrobot.eventbus.BackgroundPoster	BackgroundPoster(org.greenrobot.eventbus.EventBus)	eventBus	org.greenrobot.eventbus.BackgroundPoster	SOURCE
org.greenrobot.eventbus.BackgroundPoster	BackgroundPoster(org.greenrobot.eventbus.EventBus)	this	org.greenrobot.eventbus.BackgroundPoster	SOURCE
org.greenrobot.eventbus.BackgroundPoster	BackgroundPoster(org.greenrobot.eventbus.EventBus)	queue	org.greenrobot.eventbus.BackgroundPoster	SOURCE
org.greenrobot.eventbus.BackgroundPoster	enqueue(org.greenrobot.eventbus.Subscription,java.lang.Object)	this	org.greenrobot.eventbus.BackgroundPoster	SOURCE
org.greenrobot.eventbus.BackgroundPoster	enqueue(org.greenrobot.eventbus.Subscription,java.lang.Object)	queue	org.greenrobot.eventbus.BackgroundPoster	SOURCE
org.greenrobot.eventbus.BackgroundPoster	enqueue(org.greenrobot.eventbus.Subscription,java.lang.Object)	executorRunning	org.greenrobot.eventbus.BackgroundPoster	SOURCE
org.greenrobot.eventbus.BackgroundPoster	enqueue(org.greenrobot.eventbus.Subscription,java.lang.Object)	executorRunning	org.greenrobot.eventbus.BackgroundPoster	SOURCE
org.greenrobot.eventbus.BackgroundPoster	enqueue(org.greenrobot.eventbus.Subscription,java.lang.Object)	eventBus	org.greenrobot.eventbus.BackgroundPoster	SOURCE
org.greenrobot.eventbus.BackgroundPoster	enqueue(org.greenrobot.eventbus.Subscription,java.lang.Object)	this	org.greenrobot.eventbus.BackgroundPoster	SOURCE
org.greenrobot.eventbus.BackgroundPoster	run()	queue	org.greenrobot.eventbus.BackgroundPoster	SOURCE
org.greenrobot.eventbus.BackgroundPoster	run()	this	org.greenrobot.eventbus.BackgroundPoster	SOURCE
org.greenrobot.eventbus.BackgroundPoster	run()	queue	org.greenrobot.eventbus.BackgroundPoster	SOURCE
org.greenrobot.eventbus.BackgroundPoster	run()	executorRunning	org.greenrobot.eventbus.BackgroundPoster	SOURCE
org.greenrobot.eventbus.BackgroundPoster	run()	eventBus	org.greenrobot.eventbus.BackgroundPoster	SOURCE
org.greenrobot.eventbus.BackgroundPoster	run()	eventBus	org.greenrobot.eventbus.BackgroundPoster	SOURCE
org.greenrobot.eventbus.BackgroundPoster	run()	WARNING	java.util.logging.Level	SOURCE
org.greenrobot.eventbus.BackgroundPoster	run()	executorRunning	org.greenrobot.eventbus.BackgroundPoster	SOURCE
org.greenrobot.eventbus.AsyncPoster	AsyncPoster(org.greenrobot.eventbus.EventBus)	eventBus	org.greenrobot.eventbus.AsyncPoster	SOURCE
org.greenrobot.eventbus.AsyncPoster	AsyncPoster(org.greenrobot.eventbus.EventBus)	this	org.greenrobot.eventbus.AsyncPoster	SOURCE
org.greenrobot.eventbus.AsyncPoster	AsyncPoster(org.greenrobot.eventbus.EventBus)	queue	org.greenrobot.eventbus.AsyncPoster	SOURCE
org.greenrobot.eventbus.AsyncPoster	enqueue(org.greenrobot.eventbus.Subscription,java.lang.Object)	queue	org.greenrobot.eventbus.AsyncPoster	SOURCE
org.greenrobot.eventbus.AsyncPoster	enqueue(org.greenrobot.eventbus.Subscription,java.lang.Object)	eventBus	org.greenrobot.eventbus.AsyncPoster	SOURCE
org.greenrobot.eventbus.AsyncPoster	enqueue(org.greenrobot.eventbus.Subscription,java.lang.Object)	this	org.greenrobot.eventbus.AsyncPoster	SOURCE
org.greenrobot.eventbus.AsyncPoster	run()	queue	org.greenrobot.eventbus.AsyncPoster	SOURCE
org.greenrobot.eventbus.AsyncPoster	run()	eventBus	org.greenrobot.eventbus.AsyncPoster	SOURCE
org.greenrobot.eventbus.SubscriberMethodFinder	MODIFIERS_IGNORE	ABSTRACT	java.lang.reflect.Modifier	SOURCE
org.greenrobot.eventbus.SubscriberMethodFinder	MODIFIERS_IGNORE	STATIC	java.lang.reflect.Modifier	SOURCE
org.greenrobot.eventbus.SubscriberMethodFinder	BRIDGE	BRIDGE	org.greenrobot.eventbus.SubscriberMethodFinder	SOURCE
org.greenrobot.eventbus.SubscriberMethodFinder	SYNTHETIC	SYNTHETIC	org.greenrobot.eventbus.SubscriberMethodFinder	SOURCE
org.greenrobot.eventbus.SubscriberMethodFinder	POOL_SIZE	POOL_SIZE	org.greenrobot.eventbus.SubscriberMethodFinder	SOURCE
org.greenrobot.eventbus.SubscriberMethodFinder	SubscriberMethodFinder(java.util.List<org.greenrobot.eventbus.meta.SubscriberInfoIndex>,boolean,boolean)	subscriberInfoIndexes	org.greenrobot.eventbus.SubscriberMethodFinder	SOURCE
org.greenrobot.eventbus.SubscriberMethodFinder	SubscriberMethodFinder(java.util.List<org.greenrobot.eventbus.meta.SubscriberInfoIndex>,boolean,boolean)	this	org.greenrobot.eventbus.SubscriberMethodFinder	SOURCE
org.greenrobot.eventbus.SubscriberMethodFinder	SubscriberMethodFinder(java.util.List<org.greenrobot.eventbus.meta.SubscriberInfoIndex>,boolean,boolean)	strictMethodVerification	org.greenrobot.eventbus.SubscriberMethodFinder	SOURCE
org.greenrobot.eventbus.SubscriberMethodFinder	SubscriberMethodFinder(java.util.List<org.greenrobot.eventbus.meta.SubscriberInfoIndex>,boolean,boolean)	this	org.greenrobot.eventbus.SubscriberMethodFinder	SOURCE
org.greenrobot.eventbus.SubscriberMethodFinder	SubscriberMethodFinder(java.util.List<org.greenrobot.eventbus.meta.SubscriberInfoIndex>,boolean,boolean)	ignoreGeneratedIndex	org.greenrobot.eventbus.SubscriberMethodFinder	SOURCE
org.greenrobot.eventbus.SubscriberMethodFinder	SubscriberMethodFinder(java.util.List<org.greenrobot.eventbus.meta.SubscriberInfoIndex>,boolean,boolean)	this	org.greenrobot.eventbus.SubscriberMethodFinder	SOURCE
org.greenrobot.eventbus.SubscriberMethodFinder	findSubscriberMethods(java.lang.Class<?>)	METHOD_CACHE	org.greenrobot.eventbus.SubscriberMethodFinder	SOURCE
org.greenrobot.eventbus.SubscriberMethodFinder	findSubscriberMethods(java.lang.Class<?>)	ignoreGeneratedIndex	org.greenrobot.eventbus.SubscriberMethodFinder	SOURCE
org.greenrobot.eventbus.SubscriberMethodFinder	findSubscriberMethods(java.lang.Class<?>)	METHOD_CACHE	org.greenrobot.eventbus.SubscriberMethodFinder	SOURCE
org.greenrobot.eventbus.SubscriberMethodFinder	findUsingInfo(java.lang.Class<?>)	clazz	org.greenrobot.eventbus.SubscriberMethodFinder$FindState	SOURCE
org.greenrobot.eventbus.SubscriberMethodFinder	findUsingInfo(java.lang.Class<?>)	subscriberInfo	org.greenrobot.eventbus.SubscriberMethodFinder$FindState	SOURCE
org.greenrobot.eventbus.SubscriberMethodFinder	findUsingInfo(java.lang.Class<?>)	subscriberInfo	org.greenrobot.eventbus.SubscriberMethodFinder$FindState	SOURCE
org.greenrobot.eventbus.SubscriberMethodFinder	findUsingInfo(java.lang.Class<?>)	subscriberInfo	org.greenrobot.eventbus.SubscriberMethodFinder$FindState	SOURCE
org.greenrobot.eventbus.SubscriberMethodFinder	findUsingInfo(java.lang.Class<?>)	method	org.greenrobot.eventbus.SubscriberMethod	SOURCE
org.greenrobot.eventbus.SubscriberMethodFinder	findUsingInfo(java.lang.Class<?>)	eventType	org.greenrobot.eventbus.SubscriberMethod	SOURCE
org.greenrobot.eventbus.SubscriberMethodFinder	findUsingInfo(java.lang.Class<?>)	subscriberMethods	org.greenrobot.eventbus.SubscriberMethodFinder$FindState	SOURCE
org.greenrobot.eventbus.SubscriberMethodFinder	getMethodsAndRelease(org.greenrobot.eventbus.SubscriberMethodFinder.FindState)	subscriberMethods	org.greenrobot.eventbus.SubscriberMethodFinder$FindState	SOURCE
org.greenrobot.eventbus.SubscriberMethodFinder	getMethodsAndRelease(org.greenrobot.eventbus.SubscriberMethodFinder.FindState)	FIND_STATE_POOL	org.greenrobot.eventbus.SubscriberMethodFinder	SOURCE
org.greenrobot.eventbus.SubscriberMethodFinder	getMethodsAndRelease(org.greenrobot.eventbus.SubscriberMethodFinder.FindState)	POOL_SIZE	org.greenrobot.eventbus.SubscriberMethodFinder	SOURCE
org.greenrobot.eventbus.SubscriberMethodFinder	getMethodsAndRelease(org.greenrobot.eventbus.SubscriberMethodFinder.FindState)	FIND_STATE_POOL	org.greenrobot.eventbus.SubscriberMethodFinder	SOURCE
org.greenrobot.eventbus.SubscriberMethodFinder	getMethodsAndRelease(org.greenrobot.eventbus.SubscriberMethodFinder.FindState)	FIND_STATE_POOL	org.greenrobot.eventbus.SubscriberMethodFinder	SOURCE
org.greenrobot.eventbus.SubscriberMethodFinder	prepareFindState()	FIND_STATE_POOL	org.greenrobot.eventbus.SubscriberMethodFinder	SOURCE
org.greenrobot.eventbus.SubscriberMethodFinder	prepareFindState()	POOL_SIZE	org.greenrobot.eventbus.SubscriberMethodFinder	SOURCE
org.greenrobot.eventbus.SubscriberMethodFinder	prepareFindState()	FIND_STATE_POOL	org.greenrobot.eventbus.SubscriberMethodFinder	SOURCE
org.greenrobot.eventbus.SubscriberMethodFinder	prepareFindState()	FIND_STATE_POOL	org.greenrobot.eventbus.SubscriberMethodFinder	SOURCE
org.greenrobot.eventbus.SubscriberMethodFinder	getSubscriberInfo(org.greenrobot.eventbus.SubscriberMethodFinder.FindState)	subscriberInfo	org.greenrobot.eventbus.SubscriberMethodFinder$FindState	SOURCE
org.greenrobot.eventbus.SubscriberMethodFinder	getSubscriberInfo(org.greenrobot.eventbus.SubscriberMethodFinder.FindState)	subscriberInfo	org.greenrobot.eventbus.SubscriberMethodFinder$FindState	SOURCE
org.greenrobot.eventbus.SubscriberMethodFinder	getSubscriberInfo(org.greenrobot.eventbus.SubscriberMethodFinder.FindState)	subscriberInfo	org.greenrobot.eventbus.SubscriberMethodFinder$FindState	SOURCE
org.greenrobot.eventbus.SubscriberMethodFinder	getSubscriberInfo(org.greenrobot.eventbus.SubscriberMethodFinder.FindState)	clazz	org.greenrobot.eventbus.SubscriberMethodFinder$FindState	SOURCE
org.greenrobot.eventbus.SubscriberMethodFinder	getSubscriberInfo(org.greenrobot.eventbus.SubscriberMethodFinder.FindState)	subscriberInfoIndexes	org.greenrobot.eventbus.SubscriberMethodFinder	SOURCE
org.greenrobot.eventbus.SubscriberMethodFinder	getSubscriberInfo(org.greenrobot.eventbus.SubscriberMethodFinder.FindState)	subscriberInfoIndexes	org.greenrobot.eventbus.SubscriberMethodFinder	SOURCE
org.greenrobot.eventbus.SubscriberMethodFinder	getSubscriberInfo(org.greenrobot.eventbus.SubscriberMethodFinder.FindState)	clazz	org.greenrobot.eventbus.SubscriberMethodFinder$FindState	SOURCE
org.greenrobot.eventbus.SubscriberMethodFinder	findUsingReflection(java.lang.Class<?>)	clazz	org.greenrobot.eventbus.SubscriberMethodFinder$FindState	SOURCE
org.greenrobot.eventbus.SubscriberMethodFinder	findUsingReflectionInSingleClass(org.greenrobot.eventbus.SubscriberMethodFinder.FindState)	clazz	org.greenrobot.eventbus.SubscriberMethodFinder$FindState	SOURCE
org.greenrobot.eventbus.SubscriberMethodFinder	findUsingReflectionInSingleClass(org.greenrobot.eventbus.SubscriberMethodFinder.FindState)	clazz	org.greenrobot.eventbus.SubscriberMethodFinder$FindState	SOURCE
org.greenrobot.eventbus.SubscriberMethodFinder	findUsingReflectionInSingleClass(org.greenrobot.eventbus.SubscriberMethodFinder.FindState)	clazz	org.greenrobot.eventbus.SubscriberMethodFinder$FindState	SOURCE
org.greenrobot.eventbus.SubscriberMethodFinder	findUsingReflectionInSingleClass(org.greenrobot.eventbus.SubscriberMethodFinder.FindState)	ignoreGeneratedIndex	org.greenrobot.eventbus.SubscriberMethodFinder	SOURCE
org.greenrobot.eventbus.SubscriberMethodFinder	findUsingReflectionInSingleClass(org.greenrobot.eventbus.SubscriberMethodFinder.FindState)	skipSuperClasses	org.greenrobot.eventbus.SubscriberMethodFinder$FindState	SOURCE
org.greenrobot.eventbus.SubscriberMethodFinder	findUsingReflectionInSingleClass(org.greenrobot.eventbus.SubscriberMethodFinder.FindState)	PUBLIC	java.lang.reflect.Modifier	SOURCE
org.greenrobot.eventbus.SubscriberMethodFinder	findUsingReflectionInSingleClass(org.greenrobot.eventbus.SubscriberMethodFinder.FindState)	MODIFIERS_IGNORE	org.greenrobot.eventbus.SubscriberMethodFinder	SOURCE
org.greenrobot.eventbus.SubscriberMethodFinder	findUsingReflectionInSingleClass(org.greenrobot.eventbus.SubscriberMethodFinder.FindState)	length	Array	SOURCE
org.greenrobot.eventbus.SubscriberMethodFinder	findUsingReflectionInSingleClass(org.greenrobot.eventbus.SubscriberMethodFinder.FindState)	class	org.greenrobot.eventbus.Subscribe	SOURCE
org.greenrobot.eventbus.SubscriberMethodFinder	findUsingReflectionInSingleClass(org.greenrobot.eventbus.SubscriberMethodFinder.FindState)	subscriberMethods	org.greenrobot.eventbus.SubscriberMethodFinder$FindState	SOURCE
org.greenrobot.eventbus.SubscriberMethodFinder	findUsingReflectionInSingleClass(org.greenrobot.eventbus.SubscriberMethodFinder.FindState)	strictMethodVerification	org.greenrobot.eventbus.SubscriberMethodFinder	SOURCE
org.greenrobot.eventbus.SubscriberMethodFinder	findUsingReflectionInSingleClass(org.greenrobot.eventbus.SubscriberMethodFinder.FindState)	class	org.greenrobot.eventbus.Subscribe	SOURCE
org.greenrobot.eventbus.SubscriberMethodFinder	findUsingReflectionInSingleClass(org.greenrobot.eventbus.SubscriberMethodFinder.FindState)	length	Array	SOURCE
org.greenrobot.eventbus.SubscriberMethodFinder	findUsingReflectionInSingleClass(org.greenrobot.eventbus.SubscriberMethodFinder.FindState)	strictMethodVerification	org.greenrobot.eventbus.SubscriberMethodFinder	SOURCE
org.greenrobot.eventbus.SubscriberMethodFinder	findUsingReflectionInSingleClass(org.greenrobot.eventbus.SubscriberMethodFinder.FindState)	class	org.greenrobot.eventbus.Subscribe	SOURCE
org.greenrobot.eventbus.SubscriberMethodFinder	clearCaches()	METHOD_CACHE	org.greenrobot.eventbus.SubscriberMethodFinder	SOURCE
org.greenrobot.eventbus.SubscriberMethodFinder$FindState	initForSubscriber(java.lang.Class<?>)	subscriberClass	org.greenrobot.eventbus.SubscriberMethodFinder$FindState	SOURCE
org.greenrobot.eventbus.SubscriberMethodFinder$FindState	initForSubscriber(java.lang.Class<?>)	this	org.greenrobot.eventbus.SubscriberMethodFinder$FindState	SOURCE
org.greenrobot.eventbus.SubscriberMethodFinder$FindState	initForSubscriber(java.lang.Class<?>)	clazz	org.greenrobot.eventbus.SubscriberMethodFinder$FindState	SOURCE
org.greenrobot.eventbus.SubscriberMethodFinder$FindState	initForSubscriber(java.lang.Class<?>)	skipSuperClasses	org.greenrobot.eventbus.SubscriberMethodFinder$FindState	SOURCE
org.greenrobot.eventbus.SubscriberMethodFinder$FindState	initForSubscriber(java.lang.Class<?>)	subscriberInfo	org.greenrobot.eventbus.SubscriberMethodFinder$FindState	SOURCE
org.greenrobot.eventbus.SubscriberMethodFinder$FindState	recycle()	subscriberMethods	org.greenrobot.eventbus.SubscriberMethodFinder$FindState	SOURCE
org.greenrobot.eventbus.SubscriberMethodFinder$FindState	recycle()	anyMethodByEventType	org.greenrobot.eventbus.SubscriberMethodFinder$FindState	SOURCE
org.greenrobot.eventbus.SubscriberMethodFinder$FindState	recycle()	subscriberClassByMethodKey	org.greenrobot.eventbus.SubscriberMethodFinder$FindState	SOURCE
org.greenrobot.eventbus.SubscriberMethodFinder$FindState	recycle()	methodKeyBuilder	org.greenrobot.eventbus.SubscriberMethodFinder$FindState	SOURCE
org.greenrobot.eventbus.SubscriberMethodFinder$FindState	recycle()	subscriberClass	org.greenrobot.eventbus.SubscriberMethodFinder$FindState	SOURCE
org.greenrobot.eventbus.SubscriberMethodFinder$FindState	recycle()	clazz	org.greenrobot.eventbus.SubscriberMethodFinder$FindState	SOURCE
org.greenrobot.eventbus.SubscriberMethodFinder$FindState	recycle()	skipSuperClasses	org.greenrobot.eventbus.SubscriberMethodFinder$FindState	SOURCE
org.greenrobot.eventbus.SubscriberMethodFinder$FindState	recycle()	subscriberInfo	org.greenrobot.eventbus.SubscriberMethodFinder$FindState	SOURCE
org.greenrobot.eventbus.SubscriberMethodFinder$FindState	checkAdd(java.lang.reflect.Method,java.lang.Class<?>)	anyMethodByEventType	org.greenrobot.eventbus.SubscriberMethodFinder$FindState	SOURCE
org.greenrobot.eventbus.SubscriberMethodFinder$FindState	checkAdd(java.lang.reflect.Method,java.lang.Class<?>)	anyMethodByEventType	org.greenrobot.eventbus.SubscriberMethodFinder$FindState	SOURCE
org.greenrobot.eventbus.SubscriberMethodFinder$FindState	checkAdd(java.lang.reflect.Method,java.lang.Class<?>)	this	org.greenrobot.eventbus.SubscriberMethodFinder$FindState	SOURCE
org.greenrobot.eventbus.SubscriberMethodFinder$FindState	checkAddWithMethodSignature(java.lang.reflect.Method,java.lang.Class<?>)	methodKeyBuilder	org.greenrobot.eventbus.SubscriberMethodFinder$FindState	SOURCE
org.greenrobot.eventbus.SubscriberMethodFinder$FindState	checkAddWithMethodSignature(java.lang.reflect.Method,java.lang.Class<?>)	methodKeyBuilder	org.greenrobot.eventbus.SubscriberMethodFinder$FindState	SOURCE
org.greenrobot.eventbus.SubscriberMethodFinder$FindState	checkAddWithMethodSignature(java.lang.reflect.Method,java.lang.Class<?>)	methodKeyBuilder	org.greenrobot.eventbus.SubscriberMethodFinder$FindState	SOURCE
org.greenrobot.eventbus.SubscriberMethodFinder$FindState	checkAddWithMethodSignature(java.lang.reflect.Method,java.lang.Class<?>)	methodKeyBuilder	org.greenrobot.eventbus.SubscriberMethodFinder$FindState	SOURCE
org.greenrobot.eventbus.SubscriberMethodFinder$FindState	checkAddWithMethodSignature(java.lang.reflect.Method,java.lang.Class<?>)	subscriberClassByMethodKey	org.greenrobot.eventbus.SubscriberMethodFinder$FindState	SOURCE
org.greenrobot.eventbus.SubscriberMethodFinder$FindState	checkAddWithMethodSignature(java.lang.reflect.Method,java.lang.Class<?>)	subscriberClassByMethodKey	org.greenrobot.eventbus.SubscriberMethodFinder$FindState	SOURCE
org.greenrobot.eventbus.SubscriberMethodFinder$FindState	moveToSuperclass()	skipSuperClasses	org.greenrobot.eventbus.SubscriberMethodFinder$FindState	SOURCE
org.greenrobot.eventbus.SubscriberMethodFinder$FindState	moveToSuperclass()	clazz	org.greenrobot.eventbus.SubscriberMethodFinder$FindState	SOURCE
org.greenrobot.eventbus.SubscriberMethodFinder$FindState	moveToSuperclass()	clazz	org.greenrobot.eventbus.SubscriberMethodFinder$FindState	SOURCE
org.greenrobot.eventbus.SubscriberMethodFinder$FindState	moveToSuperclass()	clazz	org.greenrobot.eventbus.SubscriberMethodFinder$FindState	SOURCE
org.greenrobot.eventbus.SubscriberMethodFinder$FindState	moveToSuperclass()	clazz	org.greenrobot.eventbus.SubscriberMethodFinder$FindState	SOURCE
org.greenrobot.eventbus.SubscriberMethodFinder$FindState	moveToSuperclass()	clazz	org.greenrobot.eventbus.SubscriberMethodFinder$FindState	SOURCE
org.greenrobot.eventbus.Logger$JavaLogger	JavaLogger(java.lang.String)	logger	org.greenrobot.eventbus.Logger$JavaLogger	SOURCE
org.greenrobot.eventbus.Logger$JavaLogger	log(java.util.logging.Level,java.lang.String)	logger	org.greenrobot.eventbus.Logger$JavaLogger	SOURCE
org.greenrobot.eventbus.Logger$JavaLogger	log(java.util.logging.Level,java.lang.String,java.lang.Throwable)	logger	org.greenrobot.eventbus.Logger$JavaLogger	SOURCE
org.greenrobot.eventbus.Logger$SystemOutLogger	log(java.util.logging.Level,java.lang.String)	out	java.lang.System	SOURCE
org.greenrobot.eventbus.Logger$SystemOutLogger	log(java.util.logging.Level,java.lang.String,java.lang.Throwable)	out	java.lang.System	SOURCE
org.greenrobot.eventbus.Logger$SystemOutLogger	log(java.util.logging.Level,java.lang.String,java.lang.Throwable)	out	java.lang.System	SOURCE
org.greenrobot.eventbus.HandlerPoster	HandlerPoster(org.greenrobot.eventbus.EventBus,android.os.Looper,int)	eventBus	org.greenrobot.eventbus.HandlerPoster	SOURCE
org.greenrobot.eventbus.HandlerPoster	HandlerPoster(org.greenrobot.eventbus.EventBus,android.os.Looper,int)	this	org.greenrobot.eventbus.HandlerPoster	SOURCE
org.greenrobot.eventbus.HandlerPoster	HandlerPoster(org.greenrobot.eventbus.EventBus,android.os.Looper,int)	maxMillisInsideHandleMessage	org.greenrobot.eventbus.HandlerPoster	SOURCE
org.greenrobot.eventbus.HandlerPoster	HandlerPoster(org.greenrobot.eventbus.EventBus,android.os.Looper,int)	this	org.greenrobot.eventbus.HandlerPoster	SOURCE
org.greenrobot.eventbus.HandlerPoster	HandlerPoster(org.greenrobot.eventbus.EventBus,android.os.Looper,int)	queue	org.greenrobot.eventbus.HandlerPoster	SOURCE
org.greenrobot.eventbus.HandlerPoster	enqueue(org.greenrobot.eventbus.Subscription,java.lang.Object)	this	org.greenrobot.eventbus.HandlerPoster	SOURCE
org.greenrobot.eventbus.HandlerPoster	enqueue(org.greenrobot.eventbus.Subscription,java.lang.Object)	queue	org.greenrobot.eventbus.HandlerPoster	SOURCE
org.greenrobot.eventbus.HandlerPoster	enqueue(org.greenrobot.eventbus.Subscription,java.lang.Object)	handlerActive	org.greenrobot.eventbus.HandlerPoster	SOURCE
org.greenrobot.eventbus.HandlerPoster	enqueue(org.greenrobot.eventbus.Subscription,java.lang.Object)	handlerActive	org.greenrobot.eventbus.HandlerPoster	SOURCE
org.greenrobot.eventbus.HandlerPoster	handleMessage(android.os.Message)	queue	org.greenrobot.eventbus.HandlerPoster	SOURCE
org.greenrobot.eventbus.HandlerPoster	handleMessage(android.os.Message)	this	org.greenrobot.eventbus.HandlerPoster	SOURCE
org.greenrobot.eventbus.HandlerPoster	handleMessage(android.os.Message)	queue	org.greenrobot.eventbus.HandlerPoster	SOURCE
org.greenrobot.eventbus.HandlerPoster	handleMessage(android.os.Message)	handlerActive	org.greenrobot.eventbus.HandlerPoster	SOURCE
org.greenrobot.eventbus.HandlerPoster	handleMessage(android.os.Message)	eventBus	org.greenrobot.eventbus.HandlerPoster	SOURCE
org.greenrobot.eventbus.HandlerPoster	handleMessage(android.os.Message)	maxMillisInsideHandleMessage	org.greenrobot.eventbus.HandlerPoster	SOURCE
org.greenrobot.eventbus.HandlerPoster	handleMessage(android.os.Message)	handlerActive	org.greenrobot.eventbus.HandlerPoster	SOURCE
org.greenrobot.eventbus.android.AndroidLogger	ANDROID_LOG_AVAILABLE	ANDROID_LOG_AVAILABLE	org.greenrobot.eventbus.android.AndroidLogger	SOURCE
org.greenrobot.eventbus.android.AndroidLogger	isAndroidLogAvailable()	ANDROID_LOG_AVAILABLE	org.greenrobot.eventbus.android.AndroidLogger	SOURCE
org.greenrobot.eventbus.android.AndroidLogger	AndroidLogger(java.lang.String)	tag	org.greenrobot.eventbus.android.AndroidLogger	SOURCE
org.greenrobot.eventbus.android.AndroidLogger	AndroidLogger(java.lang.String)	this	org.greenrobot.eventbus.android.AndroidLogger	SOURCE
org.greenrobot.eventbus.android.AndroidLogger	log(java.util.logging.Level,java.lang.String)	OFF	java.util.logging.Level	SOURCE
org.greenrobot.eventbus.android.AndroidLogger	log(java.util.logging.Level,java.lang.String)	tag	org.greenrobot.eventbus.android.AndroidLogger	SOURCE
org.greenrobot.eventbus.android.AndroidLogger	log(java.util.logging.Level,java.lang.String,java.lang.Throwable)	OFF	java.util.logging.Level	SOURCE
org.greenrobot.eventbus.android.AndroidLogger	log(java.util.logging.Level,java.lang.String,java.lang.Throwable)	tag	org.greenrobot.eventbus.android.AndroidLogger	SOURCE
org.greenrobot.eventbus.android.AndroidLogger	mapLevel(java.util.logging.Level)	VERBOSE	android.util.Log	SOURCE
org.greenrobot.eventbus.android.AndroidLogger	mapLevel(java.util.logging.Level)	DEBUG	android.util.Log	SOURCE
org.greenrobot.eventbus.android.AndroidLogger	mapLevel(java.util.logging.Level)	INFO	android.util.Log	SOURCE
org.greenrobot.eventbus.android.AndroidLogger	mapLevel(java.util.logging.Level)	WARN	android.util.Log	SOURCE
org.greenrobot.eventbus.android.AndroidLogger	mapLevel(java.util.logging.Level)	ERROR	android.util.Log	SOURCE
org.greenrobot.eventbus.NoSubscriberEvent	NoSubscriberEvent(org.greenrobot.eventbus.EventBus,java.lang.Object)	eventBus	org.greenrobot.eventbus.NoSubscriberEvent	SOURCE
org.greenrobot.eventbus.NoSubscriberEvent	NoSubscriberEvent(org.greenrobot.eventbus.EventBus,java.lang.Object)	this	org.greenrobot.eventbus.NoSubscriberEvent	SOURCE
org.greenrobot.eventbus.NoSubscriberEvent	NoSubscriberEvent(org.greenrobot.eventbus.EventBus,java.lang.Object)	originalEvent	org.greenrobot.eventbus.NoSubscriberEvent	SOURCE
org.greenrobot.eventbus.NoSubscriberEvent	NoSubscriberEvent(org.greenrobot.eventbus.EventBus,java.lang.Object)	this	org.greenrobot.eventbus.NoSubscriberEvent	SOURCE
org.greenrobot.eventbus.util.AsyncExecutor$Builder	threadPool(java.util.concurrent.Executor)	threadPool	org.greenrobot.eventbus.util.AsyncExecutor$Builder	SOURCE
org.greenrobot.eventbus.util.AsyncExecutor$Builder	threadPool(java.util.concurrent.Executor)	this	org.greenrobot.eventbus.util.AsyncExecutor$Builder	SOURCE
org.greenrobot.eventbus.util.AsyncExecutor$Builder	threadPool(java.util.concurrent.Executor)	this	org.greenrobot.eventbus.util.AsyncExecutor$Builder	SOURCE
org.greenrobot.eventbus.util.AsyncExecutor$Builder	failureEventType(java.lang.Class<?>)	failureEventType	org.greenrobot.eventbus.util.AsyncExecutor$Builder	SOURCE
org.greenrobot.eventbus.util.AsyncExecutor$Builder	failureEventType(java.lang.Class<?>)	this	org.greenrobot.eventbus.util.AsyncExecutor$Builder	SOURCE
org.greenrobot.eventbus.util.AsyncExecutor$Builder	failureEventType(java.lang.Class<?>)	this	org.greenrobot.eventbus.util.AsyncExecutor$Builder	SOURCE
org.greenrobot.eventbus.util.AsyncExecutor$Builder	eventBus(org.greenrobot.eventbus.EventBus)	eventBus	org.greenrobot.eventbus.util.AsyncExecutor$Builder	SOURCE
org.greenrobot.eventbus.util.AsyncExecutor$Builder	eventBus(org.greenrobot.eventbus.EventBus)	this	org.greenrobot.eventbus.util.AsyncExecutor$Builder	SOURCE
org.greenrobot.eventbus.util.AsyncExecutor$Builder	eventBus(org.greenrobot.eventbus.EventBus)	this	org.greenrobot.eventbus.util.AsyncExecutor$Builder	SOURCE
org.greenrobot.eventbus.util.AsyncExecutor$Builder	buildForScope(java.lang.Object)	eventBus	org.greenrobot.eventbus.util.AsyncExecutor$Builder	SOURCE
org.greenrobot.eventbus.util.AsyncExecutor$Builder	buildForScope(java.lang.Object)	eventBus	org.greenrobot.eventbus.util.AsyncExecutor$Builder	SOURCE
org.greenrobot.eventbus.util.AsyncExecutor$Builder	buildForScope(java.lang.Object)	threadPool	org.greenrobot.eventbus.util.AsyncExecutor$Builder	SOURCE
org.greenrobot.eventbus.util.AsyncExecutor$Builder	buildForScope(java.lang.Object)	threadPool	org.greenrobot.eventbus.util.AsyncExecutor$Builder	SOURCE
org.greenrobot.eventbus.util.AsyncExecutor$Builder	buildForScope(java.lang.Object)	failureEventType	org.greenrobot.eventbus.util.AsyncExecutor$Builder	SOURCE
org.greenrobot.eventbus.util.AsyncExecutor$Builder	buildForScope(java.lang.Object)	failureEventType	org.greenrobot.eventbus.util.AsyncExecutor$Builder	SOURCE
org.greenrobot.eventbus.util.AsyncExecutor$Builder	buildForScope(java.lang.Object)	class	org.greenrobot.eventbus.util.ThrowableFailureEvent	SOURCE
org.greenrobot.eventbus.util.AsyncExecutor$Builder	buildForScope(java.lang.Object)	threadPool	org.greenrobot.eventbus.util.AsyncExecutor$Builder	SOURCE
org.greenrobot.eventbus.util.AsyncExecutor$Builder	buildForScope(java.lang.Object)	eventBus	org.greenrobot.eventbus.util.AsyncExecutor$Builder	SOURCE
org.greenrobot.eventbus.util.AsyncExecutor$Builder	buildForScope(java.lang.Object)	failureEventType	org.greenrobot.eventbus.util.AsyncExecutor$Builder	SOURCE
org.greenrobot.eventbus.util.AsyncExecutor	AsyncExecutor(java.util.concurrent.Executor,org.greenrobot.eventbus.EventBus,java.lang.Class<?>,java.lang.Object)	threadPool	org.greenrobot.eventbus.util.AsyncExecutor	SOURCE
org.greenrobot.eventbus.util.AsyncExecutor	AsyncExecutor(java.util.concurrent.Executor,org.greenrobot.eventbus.EventBus,java.lang.Class<?>,java.lang.Object)	this	org.greenrobot.eventbus.util.AsyncExecutor	SOURCE
org.greenrobot.eventbus.util.AsyncExecutor	AsyncExecutor(java.util.concurrent.Executor,org.greenrobot.eventbus.EventBus,java.lang.Class<?>,java.lang.Object)	eventBus	org.greenrobot.eventbus.util.AsyncExecutor	SOURCE
org.greenrobot.eventbus.util.AsyncExecutor	AsyncExecutor(java.util.concurrent.Executor,org.greenrobot.eventbus.EventBus,java.lang.Class<?>,java.lang.Object)	this	org.greenrobot.eventbus.util.AsyncExecutor	SOURCE
org.greenrobot.eventbus.util.AsyncExecutor	AsyncExecutor(java.util.concurrent.Executor,org.greenrobot.eventbus.EventBus,java.lang.Class<?>,java.lang.Object)	scope	org.greenrobot.eventbus.util.AsyncExecutor	SOURCE
org.greenrobot.eventbus.util.AsyncExecutor	AsyncExecutor(java.util.concurrent.Executor,org.greenrobot.eventbus.EventBus,java.lang.Class<?>,java.lang.Object)	this	org.greenrobot.eventbus.util.AsyncExecutor	SOURCE
org.greenrobot.eventbus.util.AsyncExecutor	AsyncExecutor(java.util.concurrent.Executor,org.greenrobot.eventbus.EventBus,java.lang.Class<?>,java.lang.Object)	failureEventConstructor	org.greenrobot.eventbus.util.AsyncExecutor	SOURCE
org.greenrobot.eventbus.util.AsyncExecutor	AsyncExecutor(java.util.concurrent.Executor,org.greenrobot.eventbus.EventBus,java.lang.Class<?>,java.lang.Object)	class	java.lang.Throwable	SOURCE
org.greenrobot.eventbus.util.AsyncExecutor	execute(org.greenrobot.eventbus.util.AsyncExecutor.RunnableEx)	threadPool	org.greenrobot.eventbus.util.AsyncExecutor	SOURCE
org.greenrobot.eventbus.util.AsyncExecutor$1	run()	failureEventConstructor	org.greenrobot.eventbus.util.AsyncExecutor	SOURCE
org.greenrobot.eventbus.util.AsyncExecutor$1	run()	eventBus	org.greenrobot.eventbus.util.AsyncExecutor	SOURCE
org.greenrobot.eventbus.util.AsyncExecutor$1	run()	SEVERE	java.util.logging.Level	SOURCE
org.greenrobot.eventbus.util.AsyncExecutor$1	run()	scope	org.greenrobot.eventbus.util.AsyncExecutor	SOURCE
org.greenrobot.eventbus.util.AsyncExecutor$1	run()	eventBus	org.greenrobot.eventbus.util.AsyncExecutor	SOURCE
org.greenrobot.eventbus.util.ThrowableFailureEvent	ThrowableFailureEvent(java.lang.Throwable)	throwable	org.greenrobot.eventbus.util.ThrowableFailureEvent	SOURCE
org.greenrobot.eventbus.util.ThrowableFailureEvent	ThrowableFailureEvent(java.lang.Throwable)	this	org.greenrobot.eventbus.util.ThrowableFailureEvent	SOURCE
org.greenrobot.eventbus.util.ThrowableFailureEvent	ThrowableFailureEvent(java.lang.Throwable)	suppressErrorUi	org.greenrobot.eventbus.util.ThrowableFailureEvent	SOURCE
org.greenrobot.eventbus.util.ThrowableFailureEvent	ThrowableFailureEvent(java.lang.Throwable,boolean)	throwable	org.greenrobot.eventbus.util.ThrowableFailureEvent	SOURCE
org.greenrobot.eventbus.util.ThrowableFailureEvent	ThrowableFailureEvent(java.lang.Throwable,boolean)	this	org.greenrobot.eventbus.util.ThrowableFailureEvent	SOURCE
org.greenrobot.eventbus.util.ThrowableFailureEvent	ThrowableFailureEvent(java.lang.Throwable,boolean)	suppressErrorUi	org.greenrobot.eventbus.util.ThrowableFailureEvent	SOURCE
org.greenrobot.eventbus.util.ThrowableFailureEvent	ThrowableFailureEvent(java.lang.Throwable,boolean)	this	org.greenrobot.eventbus.util.ThrowableFailureEvent	SOURCE
org.greenrobot.eventbus.util.ThrowableFailureEvent	getThrowable()	throwable	org.greenrobot.eventbus.util.ThrowableFailureEvent	SOURCE
org.greenrobot.eventbus.util.ThrowableFailureEvent	isSuppressErrorUi()	suppressErrorUi	org.greenrobot.eventbus.util.ThrowableFailureEvent	SOURCE
org.greenrobot.eventbus.util.ThrowableFailureEvent	getExecutionScope()	executionContext	org.greenrobot.eventbus.util.ThrowableFailureEvent	SOURCE
org.greenrobot.eventbus.util.ThrowableFailureEvent	setExecutionScope(java.lang.Object)	executionContext	org.greenrobot.eventbus.util.ThrowableFailureEvent	SOURCE
org.greenrobot.eventbus.util.ThrowableFailureEvent	setExecutionScope(java.lang.Object)	this	org.greenrobot.eventbus.util.ThrowableFailureEvent	SOURCE
org.greenrobot.eventbus.util.ErrorDialogManager$SupportManagerFragment	onCreate(android.os.Bundle)	super	org.greenrobot.eventbus.util.ErrorDialogManager$SupportManagerFragment	SOURCE
org.greenrobot.eventbus.util.ErrorDialogManager$SupportManagerFragment	onCreate(android.os.Bundle)	eventBus	org.greenrobot.eventbus.util.ErrorDialogManager$SupportManagerFragment	SOURCE
org.greenrobot.eventbus.util.ErrorDialogManager$SupportManagerFragment	onCreate(android.os.Bundle)	config	org.greenrobot.eventbus.util.ErrorDialogFragmentFactory	SOURCE
org.greenrobot.eventbus.util.ErrorDialogManager$SupportManagerFragment	onCreate(android.os.Bundle)	factory	org.greenrobot.eventbus.util.ErrorDialogManager	SOURCE
org.greenrobot.eventbus.util.ErrorDialogManager$SupportManagerFragment	onCreate(android.os.Bundle)	eventBus	org.greenrobot.eventbus.util.ErrorDialogManager$SupportManagerFragment	SOURCE
org.greenrobot.eventbus.util.ErrorDialogManager$SupportManagerFragment	onCreate(android.os.Bundle)	this	org.greenrobot.eventbus.util.ErrorDialogManager$SupportManagerFragment	SOURCE
org.greenrobot.eventbus.util.ErrorDialogManager$SupportManagerFragment	onCreate(android.os.Bundle)	skipRegisterOnNextResume	org.greenrobot.eventbus.util.ErrorDialogManager$SupportManagerFragment	SOURCE
org.greenrobot.eventbus.util.ErrorDialogManager$SupportManagerFragment	onResume()	super	org.greenrobot.eventbus.util.ErrorDialogManager$SupportManagerFragment	SOURCE
org.greenrobot.eventbus.util.ErrorDialogManager$SupportManagerFragment	onResume()	skipRegisterOnNextResume	org.greenrobot.eventbus.util.ErrorDialogManager$SupportManagerFragment	SOURCE
org.greenrobot.eventbus.util.ErrorDialogManager$SupportManagerFragment	onResume()	skipRegisterOnNextResume	org.greenrobot.eventbus.util.ErrorDialogManager$SupportManagerFragment	SOURCE
org.greenrobot.eventbus.util.ErrorDialogManager$SupportManagerFragment	onResume()	eventBus	org.greenrobot.eventbus.util.ErrorDialogManager$SupportManagerFragment	SOURCE
org.greenrobot.eventbus.util.ErrorDialogManager$SupportManagerFragment	onResume()	config	org.greenrobot.eventbus.util.ErrorDialogFragmentFactory	SOURCE
org.greenrobot.eventbus.util.ErrorDialogManager$SupportManagerFragment	onResume()	factory	org.greenrobot.eventbus.util.ErrorDialogManager	SOURCE
org.greenrobot.eventbus.util.ErrorDialogManager$SupportManagerFragment	onResume()	eventBus	org.greenrobot.eventbus.util.ErrorDialogManager$SupportManagerFragment	SOURCE
org.greenrobot.eventbus.util.ErrorDialogManager$SupportManagerFragment	onResume()	this	org.greenrobot.eventbus.util.ErrorDialogManager$SupportManagerFragment	SOURCE
org.greenrobot.eventbus.util.ErrorDialogManager$SupportManagerFragment	onPause()	eventBus	org.greenrobot.eventbus.util.ErrorDialogManager$SupportManagerFragment	SOURCE
org.greenrobot.eventbus.util.ErrorDialogManager$SupportManagerFragment	onPause()	this	org.greenrobot.eventbus.util.ErrorDialogManager$SupportManagerFragment	SOURCE
org.greenrobot.eventbus.util.ErrorDialogManager$SupportManagerFragment	onPause()	super	org.greenrobot.eventbus.util.ErrorDialogManager$SupportManagerFragment	SOURCE
org.greenrobot.eventbus.util.ErrorDialogManager$SupportManagerFragment	onEventMainThread(org.greenrobot.eventbus.util.ThrowableFailureEvent)	executionScope	org.greenrobot.eventbus.util.ErrorDialogManager$SupportManagerFragment	SOURCE
org.greenrobot.eventbus.util.ErrorDialogManager$SupportManagerFragment	onEventMainThread(org.greenrobot.eventbus.util.ThrowableFailureEvent)	TAG_ERROR_DIALOG	org.greenrobot.eventbus.util.ErrorDialogManager	SOURCE
org.greenrobot.eventbus.util.ErrorDialogManager$SupportManagerFragment	onEventMainThread(org.greenrobot.eventbus.util.ThrowableFailureEvent)	factory	org.greenrobot.eventbus.util.ErrorDialogManager	SOURCE
org.greenrobot.eventbus.util.ErrorDialogManager$SupportManagerFragment	onEventMainThread(org.greenrobot.eventbus.util.ThrowableFailureEvent)	finishAfterDialog	org.greenrobot.eventbus.util.ErrorDialogManager$SupportManagerFragment	SOURCE
org.greenrobot.eventbus.util.ErrorDialogManager$SupportManagerFragment	onEventMainThread(org.greenrobot.eventbus.util.ThrowableFailureEvent)	argumentsForErrorDialog	org.greenrobot.eventbus.util.ErrorDialogManager$SupportManagerFragment	SOURCE
org.greenrobot.eventbus.util.ErrorDialogManager$SupportManagerFragment	onEventMainThread(org.greenrobot.eventbus.util.ThrowableFailureEvent)	TAG_ERROR_DIALOG	org.greenrobot.eventbus.util.ErrorDialogManager	SOURCE
org.greenrobot.eventbus.util.ErrorDialogManager$SupportManagerFragment	attachTo(android.app.Activity,java.lang.Object,boolean,android.os.Bundle)	TAG_ERROR_DIALOG_MANAGER	org.greenrobot.eventbus.util.ErrorDialogManager	SOURCE
org.greenrobot.eventbus.util.ErrorDialogManager$SupportManagerFragment	attachTo(android.app.Activity,java.lang.Object,boolean,android.os.Bundle)	TAG_ERROR_DIALOG_MANAGER	org.greenrobot.eventbus.util.ErrorDialogManager	SOURCE
org.greenrobot.eventbus.util.ErrorDialogManager$SupportManagerFragment	attachTo(android.app.Activity,java.lang.Object,boolean,android.os.Bundle)	finishAfterDialog	org.greenrobot.eventbus.util.ErrorDialogManager$SupportManagerFragment	SOURCE
org.greenrobot.eventbus.util.ErrorDialogManager$SupportManagerFragment	attachTo(android.app.Activity,java.lang.Object,boolean,android.os.Bundle)	argumentsForErrorDialog	org.greenrobot.eventbus.util.ErrorDialogManager$SupportManagerFragment	SOURCE
org.greenrobot.eventbus.util.ErrorDialogManager$SupportManagerFragment	attachTo(android.app.Activity,java.lang.Object,boolean,android.os.Bundle)	executionScope	org.greenrobot.eventbus.util.ErrorDialogManager$SupportManagerFragment	SOURCE
org.greenrobot.eventbus.util.ErrorDialogManager$HoneycombManagerFragment	null	HONEYCOMB	android.os.Build$VERSION_CODES	SOURCE
org.greenrobot.eventbus.util.ErrorDialogManager$HoneycombManagerFragment	onResume()	super	org.greenrobot.eventbus.util.ErrorDialogManager$HoneycombManagerFragment	SOURCE
org.greenrobot.eventbus.util.ErrorDialogManager$HoneycombManagerFragment	onResume()	eventBus	org.greenrobot.eventbus.util.ErrorDialogManager$HoneycombManagerFragment	SOURCE
org.greenrobot.eventbus.util.ErrorDialogManager$HoneycombManagerFragment	onResume()	config	org.greenrobot.eventbus.util.ErrorDialogFragmentFactory	SOURCE
org.greenrobot.eventbus.util.ErrorDialogManager$HoneycombManagerFragment	onResume()	factory	org.greenrobot.eventbus.util.ErrorDialogManager	SOURCE
org.greenrobot.eventbus.util.ErrorDialogManager$HoneycombManagerFragment	onResume()	eventBus	org.greenrobot.eventbus.util.ErrorDialogManager$HoneycombManagerFragment	SOURCE
org.greenrobot.eventbus.util.ErrorDialogManager$HoneycombManagerFragment	onResume()	this	org.greenrobot.eventbus.util.ErrorDialogManager$HoneycombManagerFragment	SOURCE
org.greenrobot.eventbus.util.ErrorDialogManager$HoneycombManagerFragment	onPause()	eventBus	org.greenrobot.eventbus.util.ErrorDialogManager$HoneycombManagerFragment	SOURCE
org.greenrobot.eventbus.util.ErrorDialogManager$HoneycombManagerFragment	onPause()	this	org.greenrobot.eventbus.util.ErrorDialogManager$HoneycombManagerFragment	SOURCE
org.greenrobot.eventbus.util.ErrorDialogManager$HoneycombManagerFragment	onPause()	super	org.greenrobot.eventbus.util.ErrorDialogManager$HoneycombManagerFragment	SOURCE
org.greenrobot.eventbus.util.ErrorDialogManager$HoneycombManagerFragment	onEventMainThread(org.greenrobot.eventbus.util.ThrowableFailureEvent)	executionScope	org.greenrobot.eventbus.util.ErrorDialogManager$HoneycombManagerFragment	SOURCE
org.greenrobot.eventbus.util.ErrorDialogManager$HoneycombManagerFragment	onEventMainThread(org.greenrobot.eventbus.util.ThrowableFailureEvent)	TAG_ERROR_DIALOG	org.greenrobot.eventbus.util.ErrorDialogManager	SOURCE
org.greenrobot.eventbus.util.ErrorDialogManager$HoneycombManagerFragment	onEventMainThread(org.greenrobot.eventbus.util.ThrowableFailureEvent)	factory	org.greenrobot.eventbus.util.ErrorDialogManager	SOURCE
org.greenrobot.eventbus.util.ErrorDialogManager$HoneycombManagerFragment	onEventMainThread(org.greenrobot.eventbus.util.ThrowableFailureEvent)	finishAfterDialog	org.greenrobot.eventbus.util.ErrorDialogManager$HoneycombManagerFragment	SOURCE
org.greenrobot.eventbus.util.ErrorDialogManager$HoneycombManagerFragment	onEventMainThread(org.greenrobot.eventbus.util.ThrowableFailureEvent)	argumentsForErrorDialog	org.greenrobot.eventbus.util.ErrorDialogManager$HoneycombManagerFragment	SOURCE
org.greenrobot.eventbus.util.ErrorDialogManager$HoneycombManagerFragment	onEventMainThread(org.greenrobot.eventbus.util.ThrowableFailureEvent)	TAG_ERROR_DIALOG	org.greenrobot.eventbus.util.ErrorDialogManager	SOURCE
org.greenrobot.eventbus.util.ErrorDialogManager$HoneycombManagerFragment	attachTo(android.app.Activity,java.lang.Object,boolean,android.os.Bundle)	TAG_ERROR_DIALOG_MANAGER	org.greenrobot.eventbus.util.ErrorDialogManager	SOURCE
org.greenrobot.eventbus.util.ErrorDialogManager$HoneycombManagerFragment	attachTo(android.app.Activity,java.lang.Object,boolean,android.os.Bundle)	TAG_ERROR_DIALOG_MANAGER	org.greenrobot.eventbus.util.ErrorDialogManager	SOURCE
org.greenrobot.eventbus.util.ErrorDialogManager$HoneycombManagerFragment	attachTo(android.app.Activity,java.lang.Object,boolean,android.os.Bundle)	finishAfterDialog	org.greenrobot.eventbus.util.ErrorDialogManager$HoneycombManagerFragment	SOURCE
org.greenrobot.eventbus.util.ErrorDialogManager$HoneycombManagerFragment	attachTo(android.app.Activity,java.lang.Object,boolean,android.os.Bundle)	argumentsForErrorDialog	org.greenrobot.eventbus.util.ErrorDialogManager$HoneycombManagerFragment	SOURCE
org.greenrobot.eventbus.util.ErrorDialogManager$HoneycombManagerFragment	attachTo(android.app.Activity,java.lang.Object,boolean,android.os.Bundle)	executionScope	org.greenrobot.eventbus.util.ErrorDialogManager$HoneycombManagerFragment	SOURCE
org.greenrobot.eventbus.util.ErrorDialogManager	attachTo(android.app.Activity,java.lang.Object,boolean,android.os.Bundle)	factory	org.greenrobot.eventbus.util.ErrorDialogManager	SOURCE
org.greenrobot.eventbus.util.ErrorDialogManager	isSupportActivity(android.app.Activity)	SDK_INT	android.os.Build$VERSION	SOURCE
org.greenrobot.eventbus.util.ErrorDialogManager	isSupportActivity(android.app.Activity)	HONEYCOMB	android.os.Build$VERSION_CODES	SOURCE
org.greenrobot.eventbus.util.ErrorDialogManager	checkLogException(org.greenrobot.eventbus.util.ThrowableFailureEvent)	logExceptions	org.greenrobot.eventbus.util.ErrorDialogConfig	SOURCE
org.greenrobot.eventbus.util.ErrorDialogManager	checkLogException(org.greenrobot.eventbus.util.ThrowableFailureEvent)	config	org.greenrobot.eventbus.util.ErrorDialogFragmentFactory	SOURCE
org.greenrobot.eventbus.util.ErrorDialogManager	checkLogException(org.greenrobot.eventbus.util.ThrowableFailureEvent)	factory	org.greenrobot.eventbus.util.ErrorDialogManager	SOURCE
org.greenrobot.eventbus.util.ErrorDialogManager	checkLogException(org.greenrobot.eventbus.util.ThrowableFailureEvent)	tagForLoggingExceptions	org.greenrobot.eventbus.util.ErrorDialogConfig	SOURCE
org.greenrobot.eventbus.util.ErrorDialogManager	checkLogException(org.greenrobot.eventbus.util.ThrowableFailureEvent)	tagForLoggingExceptions	org.greenrobot.eventbus.util.ErrorDialogConfig	SOURCE
org.greenrobot.eventbus.util.ErrorDialogManager	checkLogException(org.greenrobot.eventbus.util.ThrowableFailureEvent)	config	org.greenrobot.eventbus.util.ErrorDialogFragmentFactory	SOURCE
org.greenrobot.eventbus.util.ErrorDialogManager	checkLogException(org.greenrobot.eventbus.util.ThrowableFailureEvent)	factory	org.greenrobot.eventbus.util.ErrorDialogManager	SOURCE
org.greenrobot.eventbus.util.ErrorDialogManager	checkLogException(org.greenrobot.eventbus.util.ThrowableFailureEvent)	TAG	org.greenrobot.eventbus.EventBus	SOURCE
org.greenrobot.eventbus.util.ErrorDialogManager	checkLogException(org.greenrobot.eventbus.util.ThrowableFailureEvent)	throwable	org.greenrobot.eventbus.util.ThrowableFailureEvent	SOURCE
org.greenrobot.eventbus.util.ErrorDialogFragmentFactory	ErrorDialogFragmentFactory(org.greenrobot.eventbus.util.ErrorDialogConfig)	config	org.greenrobot.eventbus.util.ErrorDialogFragmentFactory	SOURCE
org.greenrobot.eventbus.util.ErrorDialogFragmentFactory	ErrorDialogFragmentFactory(org.greenrobot.eventbus.util.ErrorDialogConfig)	this	org.greenrobot.eventbus.util.ErrorDialogFragmentFactory	SOURCE
org.greenrobot.eventbus.util.ErrorDialogFragmentFactory	prepareErrorFragment(org.greenrobot.eventbus.util.ThrowableFailureEvent,boolean,android.os.Bundle)	KEY_TITLE	org.greenrobot.eventbus.util.ErrorDialogManager	SOURCE
org.greenrobot.eventbus.util.ErrorDialogFragmentFactory	prepareErrorFragment(org.greenrobot.eventbus.util.ThrowableFailureEvent,boolean,android.os.Bundle)	KEY_TITLE	org.greenrobot.eventbus.util.ErrorDialogManager	SOURCE
org.greenrobot.eventbus.util.ErrorDialogFragmentFactory	prepareErrorFragment(org.greenrobot.eventbus.util.ThrowableFailureEvent,boolean,android.os.Bundle)	KEY_MESSAGE	org.greenrobot.eventbus.util.ErrorDialogManager	SOURCE
org.greenrobot.eventbus.util.ErrorDialogFragmentFactory	prepareErrorFragment(org.greenrobot.eventbus.util.ThrowableFailureEvent,boolean,android.os.Bundle)	KEY_MESSAGE	org.greenrobot.eventbus.util.ErrorDialogManager	SOURCE
org.greenrobot.eventbus.util.ErrorDialogFragmentFactory	prepareErrorFragment(org.greenrobot.eventbus.util.ThrowableFailureEvent,boolean,android.os.Bundle)	KEY_FINISH_AFTER_DIALOG	org.greenrobot.eventbus.util.ErrorDialogManager	SOURCE
org.greenrobot.eventbus.util.ErrorDialogFragmentFactory	prepareErrorFragment(org.greenrobot.eventbus.util.ThrowableFailureEvent,boolean,android.os.Bundle)	KEY_FINISH_AFTER_DIALOG	org.greenrobot.eventbus.util.ErrorDialogManager	SOURCE
org.greenrobot.eventbus.util.ErrorDialogFragmentFactory	prepareErrorFragment(org.greenrobot.eventbus.util.ThrowableFailureEvent,boolean,android.os.Bundle)	KEY_EVENT_TYPE_ON_CLOSE	org.greenrobot.eventbus.util.ErrorDialogManager	SOURCE
org.greenrobot.eventbus.util.ErrorDialogFragmentFactory	prepareErrorFragment(org.greenrobot.eventbus.util.ThrowableFailureEvent,boolean,android.os.Bundle)	defaultEventTypeOnDialogClosed	org.greenrobot.eventbus.util.ErrorDialogConfig	SOURCE
org.greenrobot.eventbus.util.ErrorDialogFragmentFactory	prepareErrorFragment(org.greenrobot.eventbus.util.ThrowableFailureEvent,boolean,android.os.Bundle)	config	org.greenrobot.eventbus.util.ErrorDialogFragmentFactory	SOURCE
org.greenrobot.eventbus.util.ErrorDialogFragmentFactory	prepareErrorFragment(org.greenrobot.eventbus.util.ThrowableFailureEvent,boolean,android.os.Bundle)	KEY_EVENT_TYPE_ON_CLOSE	org.greenrobot.eventbus.util.ErrorDialogManager	SOURCE
org.greenrobot.eventbus.util.ErrorDialogFragmentFactory	prepareErrorFragment(org.greenrobot.eventbus.util.ThrowableFailureEvent,boolean,android.os.Bundle)	defaultEventTypeOnDialogClosed	org.greenrobot.eventbus.util.ErrorDialogConfig	SOURCE
org.greenrobot.eventbus.util.ErrorDialogFragmentFactory	prepareErrorFragment(org.greenrobot.eventbus.util.ThrowableFailureEvent,boolean,android.os.Bundle)	config	org.greenrobot.eventbus.util.ErrorDialogFragmentFactory	SOURCE
org.greenrobot.eventbus.util.ErrorDialogFragmentFactory	prepareErrorFragment(org.greenrobot.eventbus.util.ThrowableFailureEvent,boolean,android.os.Bundle)	KEY_ICON_ID	org.greenrobot.eventbus.util.ErrorDialogManager	SOURCE
org.greenrobot.eventbus.util.ErrorDialogFragmentFactory	prepareErrorFragment(org.greenrobot.eventbus.util.ThrowableFailureEvent,boolean,android.os.Bundle)	defaultDialogIconId	org.greenrobot.eventbus.util.ErrorDialogConfig	SOURCE
org.greenrobot.eventbus.util.ErrorDialogFragmentFactory	prepareErrorFragment(org.greenrobot.eventbus.util.ThrowableFailureEvent,boolean,android.os.Bundle)	config	org.greenrobot.eventbus.util.ErrorDialogFragmentFactory	SOURCE
org.greenrobot.eventbus.util.ErrorDialogFragmentFactory	prepareErrorFragment(org.greenrobot.eventbus.util.ThrowableFailureEvent,boolean,android.os.Bundle)	KEY_ICON_ID	org.greenrobot.eventbus.util.ErrorDialogManager	SOURCE
org.greenrobot.eventbus.util.ErrorDialogFragmentFactory	prepareErrorFragment(org.greenrobot.eventbus.util.ThrowableFailureEvent,boolean,android.os.Bundle)	defaultDialogIconId	org.greenrobot.eventbus.util.ErrorDialogConfig	SOURCE
org.greenrobot.eventbus.util.ErrorDialogFragmentFactory	prepareErrorFragment(org.greenrobot.eventbus.util.ThrowableFailureEvent,boolean,android.os.Bundle)	config	org.greenrobot.eventbus.util.ErrorDialogFragmentFactory	SOURCE
org.greenrobot.eventbus.util.ErrorDialogFragmentFactory	getTitleFor(org.greenrobot.eventbus.util.ThrowableFailureEvent,android.os.Bundle)	resources	org.greenrobot.eventbus.util.ErrorDialogConfig	SOURCE
org.greenrobot.eventbus.util.ErrorDialogFragmentFactory	getTitleFor(org.greenrobot.eventbus.util.ThrowableFailureEvent,android.os.Bundle)	config	org.greenrobot.eventbus.util.ErrorDialogFragmentFactory	SOURCE
org.greenrobot.eventbus.util.ErrorDialogFragmentFactory	getTitleFor(org.greenrobot.eventbus.util.ThrowableFailureEvent,android.os.Bundle)	defaultTitleId	org.greenrobot.eventbus.util.ErrorDialogConfig	SOURCE
org.greenrobot.eventbus.util.ErrorDialogFragmentFactory	getTitleFor(org.greenrobot.eventbus.util.ThrowableFailureEvent,android.os.Bundle)	config	org.greenrobot.eventbus.util.ErrorDialogFragmentFactory	SOURCE
org.greenrobot.eventbus.util.ErrorDialogFragmentFactory	getMessageFor(org.greenrobot.eventbus.util.ThrowableFailureEvent,android.os.Bundle)	config	org.greenrobot.eventbus.util.ErrorDialogFragmentFactory	SOURCE
org.greenrobot.eventbus.util.ErrorDialogFragmentFactory	getMessageFor(org.greenrobot.eventbus.util.ThrowableFailureEvent,android.os.Bundle)	throwable	org.greenrobot.eventbus.util.ThrowableFailureEvent	SOURCE
org.greenrobot.eventbus.util.ErrorDialogFragmentFactory	getMessageFor(org.greenrobot.eventbus.util.ThrowableFailureEvent,android.os.Bundle)	resources	org.greenrobot.eventbus.util.ErrorDialogConfig	SOURCE
org.greenrobot.eventbus.util.ErrorDialogFragmentFactory	getMessageFor(org.greenrobot.eventbus.util.ThrowableFailureEvent,android.os.Bundle)	config	org.greenrobot.eventbus.util.ErrorDialogFragmentFactory	SOURCE
org.greenrobot.eventbus.util.ErrorDialogFragmentFactory$Honeycomb	null	HONEYCOMB	android.os.Build$VERSION_CODES	SOURCE
org.greenrobot.eventbus.util.ErrorDialogConfig	ErrorDialogConfig(android.content.res.Resources,int,int)	resources	org.greenrobot.eventbus.util.ErrorDialogConfig	SOURCE
org.greenrobot.eventbus.util.ErrorDialogConfig	ErrorDialogConfig(android.content.res.Resources,int,int)	this	org.greenrobot.eventbus.util.ErrorDialogConfig	SOURCE
org.greenrobot.eventbus.util.ErrorDialogConfig	ErrorDialogConfig(android.content.res.Resources,int,int)	defaultTitleId	org.greenrobot.eventbus.util.ErrorDialogConfig	SOURCE
org.greenrobot.eventbus.util.ErrorDialogConfig	ErrorDialogConfig(android.content.res.Resources,int,int)	this	org.greenrobot.eventbus.util.ErrorDialogConfig	SOURCE
org.greenrobot.eventbus.util.ErrorDialogConfig	ErrorDialogConfig(android.content.res.Resources,int,int)	defaultErrorMsgId	org.greenrobot.eventbus.util.ErrorDialogConfig	SOURCE
org.greenrobot.eventbus.util.ErrorDialogConfig	ErrorDialogConfig(android.content.res.Resources,int,int)	this	org.greenrobot.eventbus.util.ErrorDialogConfig	SOURCE
org.greenrobot.eventbus.util.ErrorDialogConfig	ErrorDialogConfig(android.content.res.Resources,int,int)	mapping	org.greenrobot.eventbus.util.ErrorDialogConfig	SOURCE
org.greenrobot.eventbus.util.ErrorDialogConfig	addMapping(java.lang.Class<? extends java.lang.Throwable>,int)	mapping	org.greenrobot.eventbus.util.ErrorDialogConfig	SOURCE
org.greenrobot.eventbus.util.ErrorDialogConfig	addMapping(java.lang.Class<? extends java.lang.Throwable>,int)	this	org.greenrobot.eventbus.util.ErrorDialogConfig	SOURCE
org.greenrobot.eventbus.util.ErrorDialogConfig	getMessageIdForThrowable(java.lang.Throwable)	mapping	org.greenrobot.eventbus.util.ErrorDialogConfig	SOURCE
org.greenrobot.eventbus.util.ErrorDialogConfig	getMessageIdForThrowable(java.lang.Throwable)	TAG	org.greenrobot.eventbus.EventBus	SOURCE
org.greenrobot.eventbus.util.ErrorDialogConfig	getMessageIdForThrowable(java.lang.Throwable)	defaultErrorMsgId	org.greenrobot.eventbus.util.ErrorDialogConfig	SOURCE
org.greenrobot.eventbus.util.ErrorDialogConfig	setDefaultDialogIconId(int)	defaultDialogIconId	org.greenrobot.eventbus.util.ErrorDialogConfig	SOURCE
org.greenrobot.eventbus.util.ErrorDialogConfig	setDefaultDialogIconId(int)	this	org.greenrobot.eventbus.util.ErrorDialogConfig	SOURCE
org.greenrobot.eventbus.util.ErrorDialogConfig	setDefaultEventTypeOnDialogClosed(java.lang.Class<?>)	defaultEventTypeOnDialogClosed	org.greenrobot.eventbus.util.ErrorDialogConfig	SOURCE
org.greenrobot.eventbus.util.ErrorDialogConfig	setDefaultEventTypeOnDialogClosed(java.lang.Class<?>)	this	org.greenrobot.eventbus.util.ErrorDialogConfig	SOURCE
org.greenrobot.eventbus.util.ErrorDialogConfig	disableExceptionLogging()	logExceptions	org.greenrobot.eventbus.util.ErrorDialogConfig	SOURCE
org.greenrobot.eventbus.util.ErrorDialogConfig	setTagForLoggingExceptions(java.lang.String)	tagForLoggingExceptions	org.greenrobot.eventbus.util.ErrorDialogConfig	SOURCE
org.greenrobot.eventbus.util.ErrorDialogConfig	setTagForLoggingExceptions(java.lang.String)	this	org.greenrobot.eventbus.util.ErrorDialogConfig	SOURCE
org.greenrobot.eventbus.util.ErrorDialogConfig	setEventBus(org.greenrobot.eventbus.EventBus)	eventBus	org.greenrobot.eventbus.util.ErrorDialogConfig	SOURCE
org.greenrobot.eventbus.util.ErrorDialogConfig	setEventBus(org.greenrobot.eventbus.EventBus)	this	org.greenrobot.eventbus.util.ErrorDialogConfig	SOURCE
org.greenrobot.eventbus.util.ErrorDialogConfig	getEventBus()	eventBus	org.greenrobot.eventbus.util.ErrorDialogConfig	SOURCE
org.greenrobot.eventbus.util.ErrorDialogConfig	getEventBus()	eventBus	org.greenrobot.eventbus.util.ErrorDialogConfig	SOURCE
org.greenrobot.eventbus.util.ExceptionToResourceMapping	ExceptionToResourceMapping()	throwableToMsgIdMap	org.greenrobot.eventbus.util.ExceptionToResourceMapping	SOURCE
org.greenrobot.eventbus.util.ExceptionToResourceMapping	mapThrowable(java.lang.Throwable)	FINE	java.util.logging.Level	SOURCE
org.greenrobot.eventbus.util.ExceptionToResourceMapping	mapThrowableFlat(java.lang.Throwable)	throwableToMsgIdMap	org.greenrobot.eventbus.util.ExceptionToResourceMapping	SOURCE
org.greenrobot.eventbus.util.ExceptionToResourceMapping	mapThrowableFlat(java.lang.Throwable)	throwableToMsgIdMap	org.greenrobot.eventbus.util.ExceptionToResourceMapping	SOURCE
org.greenrobot.eventbus.util.ExceptionToResourceMapping	addMapping(java.lang.Class<? extends java.lang.Throwable>,int)	throwableToMsgIdMap	org.greenrobot.eventbus.util.ExceptionToResourceMapping	SOURCE
org.greenrobot.eventbus.util.ExceptionToResourceMapping	addMapping(java.lang.Class<? extends java.lang.Throwable>,int)	this	org.greenrobot.eventbus.util.ExceptionToResourceMapping	SOURCE
org.greenrobot.eventbus.util.ErrorDialogFragments	createDialog(android.content.Context,android.os.Bundle,android.content.DialogInterface.OnClickListener)	KEY_TITLE	org.greenrobot.eventbus.util.ErrorDialogManager	SOURCE
org.greenrobot.eventbus.util.ErrorDialogFragments	createDialog(android.content.Context,android.os.Bundle,android.content.DialogInterface.OnClickListener)	KEY_MESSAGE	org.greenrobot.eventbus.util.ErrorDialogManager	SOURCE
org.greenrobot.eventbus.util.ErrorDialogFragments	createDialog(android.content.Context,android.os.Bundle,android.content.DialogInterface.OnClickListener)	ERROR_DIALOG_ICON	org.greenrobot.eventbus.util.ErrorDialogFragments	SOURCE
org.greenrobot.eventbus.util.ErrorDialogFragments	createDialog(android.content.Context,android.os.Bundle,android.content.DialogInterface.OnClickListener)	ERROR_DIALOG_ICON	org.greenrobot.eventbus.util.ErrorDialogFragments	SOURCE
org.greenrobot.eventbus.util.ErrorDialogFragments	createDialog(android.content.Context,android.os.Bundle,android.content.DialogInterface.OnClickListener)	ok	android.R$string	SOURCE
org.greenrobot.eventbus.util.ErrorDialogFragments	handleOnClick(android.content.DialogInterface,int,android.app.Activity,android.os.Bundle)	EVENT_TYPE_ON_CLICK	org.greenrobot.eventbus.util.ErrorDialogFragments	SOURCE
org.greenrobot.eventbus.util.ErrorDialogFragments	handleOnClick(android.content.DialogInterface,int,android.app.Activity,android.os.Bundle)	EVENT_TYPE_ON_CLICK	org.greenrobot.eventbus.util.ErrorDialogFragments	SOURCE
org.greenrobot.eventbus.util.ErrorDialogFragments	handleOnClick(android.content.DialogInterface,int,android.app.Activity,android.os.Bundle)	config	org.greenrobot.eventbus.util.ErrorDialogFragmentFactory	SOURCE
org.greenrobot.eventbus.util.ErrorDialogFragments	handleOnClick(android.content.DialogInterface,int,android.app.Activity,android.os.Bundle)	factory	org.greenrobot.eventbus.util.ErrorDialogManager	SOURCE
org.greenrobot.eventbus.util.ErrorDialogFragments	handleOnClick(android.content.DialogInterface,int,android.app.Activity,android.os.Bundle)	KEY_FINISH_AFTER_DIALOG	org.greenrobot.eventbus.util.ErrorDialogManager	SOURCE
org.greenrobot.eventbus.util.ErrorDialogFragments$Honeycomb	null	HONEYCOMB	android.os.Build$VERSION_CODES	SOURCE
org.greenrobot.eventbus.util.ErrorDialogFragments$Honeycomb	onCreateDialog(android.os.Bundle)	this	org.greenrobot.eventbus.util.ErrorDialogFragments$Honeycomb	SOURCE
org.greenrobot.eventbus.util.ErrorDialogFragments$Support	onCreateDialog(android.os.Bundle)	this	org.greenrobot.eventbus.util.ErrorDialogFragments$Support	SOURCE
